Date,A_OC_GOOGLE_SHOPPING,C_DIV_BUY_CONNECTEDl21_0p0_0d0_12,C_DIV_BUY_ESSENTIALSl21_0p0_0d0_06,C_DIV_BUY_PREMIUMl21_0p0_0d0_0,C_DIV_BUY_SSl21_0p0_0d0_12,C_DIV_CONN_DATAl21_0p0_0d0_12,C_DIV_CONN_REMOTEl21_0p0_0d0_06,C_DIV_CONN_TRYl21_0p0_0d0_12,C_DIV_GETNOW_CONNl21_0p0_0d0_12,C_DIV_GETNOW_ESSl21_0p0_0d0_12,C_DIV_GETNOW_PREMl21_0p0_0d0_12,C_DIV_GETNOW_SSl21_0p0_0d0_12,C_PP_PKG_APP_ACCESSl21_0p0_0d0_12,C_PP_PKG_CONNECTEDl21_0p0_0d0_12,C_PP_PKG_ESSl21_0p0_0d0_0,C_PP_PKG_PREMl21_0p0_0d0_0,C_PP_PKG_REMOTEl21_0p0_0d0_0,C_PP_PKG_SCl21_0p0_0d0_12,C_PP_PKG_SSl21_0p0_0d0_0,DIV_GMOC_SHOP_ESSl21_0p0_0d0_0,DIV_GMOC_SHOP_REMOTEl21_0p0_0d0_0,DIV_GMOC_SHOP_SSl21_0p0_0d0_06,DIV_PKG_CONN_SERVICESl21_0p0_0d0_12,DIV_PKG_HDStreamingl21_0p0_0d0_12,DIV_PKG_SS_CRASHl21_0p0_0d0_06,DIV_PLANPAGE_ESSl21_0p0_0d0_0,DIV_PLANPAGE_HOMEl21_0p0_0d0_0,OC_APP_Accessl21_0p0_0d0_06,OC_PAGE_PREFPLl21_0p0_0d0_12,OC_PAGE_PREMl21_0p0_0d0_12,SC_BUYNOWl21_0p0_0d0_12,SC_HOMEPAGEl21_0p0_0d0_12,SC_SHOPNOWl21_0p0_0d0_06,Is_Holiday,Is_NYE
10/13/2023,729,-1.342878047,-0.416236686,-1.087889724,-0.455193296,-0.702837139,0.013895948,-0.711412851,0.298486869,-0.161436412,0.534837308,-0.076280869,-0.217035874,-1.262555554,-0.41058183,-1.363815437,-0.030976818,3.102326433,0.698303966,-0.516334222,-0.106114043,-0.349747951,-0.343014161,1.055441196,0.83527352,-0.366368555,-0.563544,-0.703025721,-1.425254048,-0.631020261,-0.993334884,0.751124327,-0.342291147,0,0
10/14/2023,936,-1.107029163,-1.767565265,-0.912254516,-0.750685197,0.801242385,-0.601467238,-0.135108757,0.188526661,-0.166269166,0.741036825,0.138692046,0.590735366,-0.355226731,-0.544445492,-1.363815437,-0.465372664,5.358071311,-0.099190904,-0.540112666,-1.280183185,-0.465748199,-0.218258597,0.357156618,0.945314837,-0.402979673,-0.806846122,-0.577196932,-1.261923358,-0.681998317,-0.993334884,0.665300718,0.571142619,0,0
10/15/2023,787,-1.53648534,-2.068803348,-1.848975628,-1.467687604,-1.074813795,-1.382646852,0.488240568,-0.986476712,-0.301586267,0.560160056,0.45919712,-0.166835401,-1.715381399,-0.745240986,-1.369277438,-0.506743697,4.346875332,-0.719464693,-0.580968355,-1.127989037,-0.430761529,-1.005598436,0.100267373,1.035512638,-0.476201908,-1.830742551,-0.6970597,-1.453102042,-1.21050173,-0.993334884,0.628519171,-1.100613519,0,0
10/16/2023,1030,-1.193272412,-1.551182981,-0.912254516,-0.676812222,-0.913084814,-0.505662191,-1.499420489,-0.804256938,-0.638268103,0.26713969,0.546163435,-0.262672667,-0.796312647,-0.477513661,-1.402049443,-0.1344044,2.256422104,0.698303966,-0.504661168,0.314231699,-0.212211463,-0.286098028,0.544501261,2.995210194,-0.39820431,-0.791639739,0.7337004,-0.762869638,-0.190291792,0.6215172,0.730690135,-1.204021115,0,0
10/17/2023,950,-1.277755594,-1.41329231,-0.970799585,-1.441614789,-0.662404894,-0.818870999,-1.452375257,-0.334569761,1.215898373,0.370239448,0.258881449,-0.148580684,-0.875137887,0.459531975,-1.314657428,-0.030976818,3.481524926,-0.187801446,-0.530168953,-0.062630001,-0.201210099,2.929376028,0.315997568,1.218313515,0.171655696,-0.446961734,0.08774313,-1.053063409,-0.447962695,-0.799552634,0.129924867,-1.204021115,0,0
10/18/2023,991,-0.413563041,-0.240160905,-0.795164377,-0.350902037,-0.031661868,0.080222519,-0.24096053,-0.400545886,-0.047061243,0.657833511,0.541277687,-0.248981629,-0.355226731,-0.142854505,-1.489441458,-0.237831983,2.927311745,-0.365022528,-0.494717455,-0.019145959,-0.113860046,0.623122823,0.956091764,4.381851055,-0.290758638,-0.107352522,0.179402893,-0.871609421,0.091848577,1.428943243,0.567216592,-1.204021115,0,0
10/19/2023,1026,-0.835978953,-0.912643103,-0.853709446,-0.859321926,-0.161045052,-0.417226763,1.958404072,0.527832447,-0.266146074,0.735610522,-0.202333169,1.220523113,-0.289818554,-0.611377324,-1.320119429,-0.175775433,0.165968877,0.432472343,-0.518063564,-0.356147287,-0.248558726,0.732643261,0.540243428,1.541822961,-0.365572661,-0.315173084,-0.083644358,-1.126219645,-0.081106064,0.104764533,1.241544954,0.51943882,0,0
10/20/2023,996,-1.163351285,-1.169331891,-0.209713682,-1.263450555,0.825501732,-0.266149574,0.441195336,-0.380124704,-0.593162403,0.514940864,-0.418283233,-1.111517021,-0.164033597,-1.012968311,-1.341967433,-0.506743697,0.088184571,-0.630854152,-0.53881566,-0.42499702,-0.334703682,-0.75350021,0.196778249,1.600150872,-0.434019534,-0.553406412,-0.859226975,-1.060577946,-0.277139863,-0.896443759,1.92813383,-0.238883551,0,0
10/21/2023,872,-1.195032478,-1.818478744,-0.912254516,-1.085286321,-0.468330116,-1.360537995,1.111589894,-0.109936763,0.052815666,0.035617425,-0.481797958,-1.070443907,-0.819792506,-0.946036479,-1.462131454,-0.568800246,-1.098026098,-1.073906858,-0.556109073,-0.595309519,-0.261620416,-1.6207526,0.340125287,-0.008977897,-0.453120986,-1.334000719,-0.864108264,-1.225455748,-0.869504877,-0.993334884,-0.041722352,-0.290587349,0,0
10/22/2023,781,-1.635049053,-2.068803348,-1.439160141,-1.602397147,-0.638145547,-0.505662191,-0.252721838,-1.201684549,-0.267756992,-0.018645605,-0.365517154,-1.371646742,-1.613076301,-1.146831973,-1.478517456,-0.610171279,-1.486947628,-1.162517399,-0.561729433,-0.790987709,-0.404677022,-2.256028629,0.60978803,-0.016193721,-0.490527998,-1.440445397,-1.159968626,-1.35165578,-1.176856213,-0.993334884,0.019580226,-1.152317317,0,0
10/23/2023,865,-1.115829494,-1.657252728,-1.146434794,-0.146664988,-0.233823094,-0.081909099,-1.899304962,-1.102720361,-0.316084528,0.071792779,-0.35085991,0.983211788,-0.440760502,-1.079900142,-1.412973445,-0.030976818,2.130022607,-0.099190904,-0.48131506,-0.073501012,-0.335792157,-1.251660101,2.662063437,0.560470886,-0.416509869,-0.375998615,0.327197483,-1.325575914,-0.864870508,-0.993334884,1.078071411,-0.342291147,0,0
10/24/2023,1095,-1.531205141,-1.101447253,-1.204979863,-0.615975654,-0.387465626,-0.612521667,-0.605561079,1.124759294,3.026570066,0.851371654,-0.35085991,-0.554748144,-0.415603511,0.258736482,-1.38566344,-0.258517499,0.379875719,-0.010580363,0.539861008,-0.667782923,-0.358339122,2.879646276,1.201626789,0.233954847,0.250449188,-0.472305705,-0.558756506,-1.221477463,-0.724356447,-0.993334884,1.098505604,1.432872586,0,0
10/25/2023,1025,-0.665252522,-0.008928856,-0.678074238,-0.58555737,-0.613886199,-0.645684952,-0.723174159,-0.810540378,0.286398758,0.400988499,-0.302002429,-0.089252853,-0.6403393,-1.079900142,-1.38566344,-0.403316114,1.575809426,-1.339738481,0.364549028,-0.533707126,-0.420226654,0.032689808,1.281106334,0.603164512,-0.289962744,-0.472305705,-0.60377284,-1.198491818,-0.976558795,0.6215172,1.597099908,1.536280183,0,0
10/26/2023,1986,-0.99438492,-1.112054228,-1.087889724,-0.898431148,-0.233823094,-0.829925427,-1.346523485,-0.878087364,-0.211374866,0.426311247,-0.369425753,-0.805750506,-0.581639654,-0.209786337,-1.303733426,0.320676962,0.778520288,0.078030178,1.775043068,0.611372654,-0.056481908,0.265815989,0.960349597,2.43057196,-0.168190984,0.085261658,0.522449051,-0.407034169,0.138748389,-0.799552634,1.249718631,0.674550215,0,0
10/27/2023,1342,-0.959183594,-0.545641777,-0.44389396,-0.828903642,-0.589626852,0.264462994,0.347104872,-0.736709952,0.056037501,0.57282143,-0.329362619,-0.787495789,-0.152293667,0.057940988,-1.298271426,0.134507313,1.391071699,0.609693425,0.271164595,0.212768933,-0.27157218,0.011130666,1.130662909,1.426369776,-0.147497743,-0.335448261,1.200134701,-0.710046857,-0.117532203,-0.185908842,0.587650785,-1.100613519,0,0
10/28/2023,1099,-1.124629826,-1.356014646,-1.029344655,-1.250414148,-1.446790452,-0.59041281,-0.323289686,-1.154558745,0.170412671,0.40822357,-0.372357202,0.253023096,-1.359829254,0.191804651,-1.358353436,-0.444687147,1.235503086,-0.453633069,-0.142580323,0.183779572,-0.367435656,-1.616728227,0.978800206,-0.083541413,-0.43322364,-1.293450365,0.057099481,-1.349003591,-0.656045852,-0.896443759,0.309745764,0.51943882,0,0
10/29/2023,933,-0.969743992,-1.300858378,-1.263524933,-1.302559777,-1.139505388,0.091276948,-0.135108757,-1.284940136,-0.464288973,0.386518358,-0.378220099,-0.080125494,-1.175344651,-1.347627467,-1.320119429,0.672330741,0.720182058,-1.516959564,-0.220616851,-0.062630001,-0.426757499,-1.836056557,0.567209702,0.25079177,-0.458692243,-1.045079449,-0.257743673,-1.585711533,-0.860977638,-0.185908842,0.183053769,-0.238883551,0,0
10/30/2023,1123,-0.860619881,-0.552005962,-0.326803821,-0.542102679,-0.484503015,-0.048745813,-0.393857534,-1.137279284,-0.783250712,0.793491088,-0.42707758,-1.38990146,-0.380383723,1.195782118,-1.423897447,1.396323817,0.904919785,0.786914508,-0.181706671,1.245514937,-0.282301426,-1.041817793,0.094590262,0.426376822,-0.378306963,-0.335448261,1.110644399,-1.373536347,-0.60738498,-0.896443759,-0.033548675,-1.152317317,0,0
10/31/2023,1525,-0.894061141,-0.613526416,-0.736619307,-0.668121284,-0.816047426,1.045642608,0.158923943,-1.118428963,0.114030545,0.751889431,-0.701656621,-1.198226928,-0.164033597,-0.008990843,-1.38020144,2.099631377,0.9340889,-0.365022528,-0.219319845,2.426831419,-0.189858869,-0.543657902,1.285364167,1.307308678,-0.253351627,-0.031320609,2.197002429,-1.041791602,-0.025679014,-0.993334884,0.861468968,-1.204021115,0,0
11/1/2023,1404,-0.635331395,-0.301681359,-1.029344655,-0.042373729,-0.460243667,1.480450129,-0.064540909,0.373888155,0.104365038,0.921913594,-0.465186415,0.668317915,0.899268573,2.266691417,-1.128949397,2.409914123,0.447936987,0.875525049,-0.211105474,2.727596045,-0.280085603,0.517914214,0.263484296,0.397513526,-0.320206711,0.313357397,2.243645859,-1.038476364,0.144495006,1.428943243,0.563129754,-0.342291147,0,0
11/2/2023,2576,-0.647651859,1.308457404,-0.209713682,0.579028357,-0.411724973,0.949837561,-0.393857534,0.199522681,0.210685618,0.762742037,-0.286368036,2.370570302,0.689626978,1.86510043,-1.183569406,1.913461729,0.389598757,0.432472343,3.777404184,2.314497643,-0.128360077,1.221604585,0.761650733,0.700578137,0.322875529,1.124364469,2.107240944,-0.58937222,0.866066221,-0.702661509,0.820600583,0.571142619,1,0
11/3/2023,2262,-0.564928743,0.767501693,-1.322070002,-0.007609976,-1.018208652,-0.557249524,0.452956644,-0.157062567,-0.137272644,0.469721671,-0.586352967,-0.988297679,-0.482688821,0.057940988,-1.336505432,0.382733511,2.577282367,-0.453633069,2.562758053,1.154923182,-0.175281089,0.601563682,1.476966643,0.451632206,0.727985505,0.424870869,1.285557262,-1.13174504,0.448324222,0.6215172,0.346527311,0.622846417,0,0
11/4/2023,1186,-0.774376632,-0.543520382,-0.970799585,-1.172195703,-1.697470372,-0.645684952,-1.205387788,-0.351849222,-0.301586267,0.97979416,-0.282459437,-0.271800026,0.01038821,-0.276718168,-1.456669453,-0.093033368,1.624424617,-0.365022528,0.064724472,-0.62067521,-0.415795009,-0.983176929,0.808486894,0.194869133,0.489217347,-0.801777328,0.165572574,-1.324912866,-0.638527938,0.007873408,0.591737624,2.346306353,0,0
11/5/2023,855,-1.152790887,-1.362378831,-0.970799585,-1.628469962,-0.35511983,-0.461444477,0.347104872,-1.195401109,-0.235538634,0.864033028,-0.461277816,-0.248981629,-0.417280643,-0.678309155,-1.456669453,-0.093033368,2.207806913,-0.276411987,-0.165710263,-0.700395955,-0.52915182,-1.249647915,1.464193144,-0.090155918,0.468524106,-1.00959789,-0.96986953,-1.709701408,-1.062943429,0.718408325,1.343715917,1.587983981,0,0
11/6/2023,1049,-0.931022533,-1.300858378,-1.146434794,-1.124395543,-0.791788078,-1.003111474,-1.205387788,-1.058736278,-0.346691968,0.028382355,-0.536518337,0.535971214,-0.771155656,-0.477513661,-1.352891435,0.051765248,0.836858517,1.67301992,-0.187975533,-0.42862069,-0.531212146,-0.915050042,0.737523014,-0.016193721,0.633274136,-0.614231942,0.118386778,-1.571787537,-1.126897717,-0.799552634,0.918684708,-0.187179753,0,0
11/7/2023,1029,-0.239316477,-0.339866468,-0.736619307,-0.081482951,0.348401238,-0.299312859,-0.24096053,-0.205759231,-0.159825494,0.654215976,-0.640096196,-0.737295317,-0.638662168,-0.946036479,-1.391125441,0.072450764,-0.310459998,-0.453633069,-0.191434216,-0.635169891,-0.301621842,-0.083154645,1.278267779,0.650668687,0.634865923,-0.122558905,-0.639568961,-1.185230868,-0.90083321,-0.993334884,0.244356347,-1.152317317,0,0
11/8/2023,3235,-0.644131726,-0.282588804,-0.560984099,-0.290065469,-0.719010037,0.481866755,-0.099824833,-0.774410595,0.186521849,0.062748941,-0.383105847,0.011148092,-0.199253385,1.396577612,-1.281885423,0.672330741,0.545167369,0.166640719,4.38613234,-0.185834788,-0.081827806,0.902816749,0.85816161,0.239366715,0.751066427,0.566797107,0.829427905,-0.826522194,-0.136440427,-0.993334884,-0.033548675,-0.342291147,1,0
11/9/2023,1912,-0.702213914,-1.343286276,-0.736619307,-1.306905246,-1.066727346,-0.763598856,-0.393857534,-0.658166946,-0.137272644,0.704861471,-0.521861092,0.234768379,-0.694007549,-0.075922674,-1.287347424,0.548217643,-0.796611911,-0.187801446,1.542446656,-0.685901274,-0.341584394,0.722294873,1.08240747,1.174417252,0.552888856,-0.087077345,-0.32689527,-1.103676031,-0.381691222,2.236369285,0.963639932,-0.290587349,0,0
11/10/2023,3478,-0.130192367,0.926606314,-0.678074238,-0.881049271,-0.484503015,0.264462994,-0.135108757,0.268640527,1.389877504,0.701243936,-0.884383599,0.933011315,-0.298204217,1.731236768,-1.238189415,0.50684661,-0.485474687,0.698303966,5.10942936,-0.185834788,-0.000269991,1.2555243,1.187434013,1.382473513,4.400239786,1.377804179,0.303333403,-0.588930188,-0.208551205,1.009081701,1.290587016,0.571142619,0,0
11/11/2023,2038,-1.117589561,-0.630497575,-1.263524933,-1.141777419,0.194758706,0.330789565,0.488240568,-1.036744236,0.128528806,0.10254183,-0.827708921,0.90106556,-0.829855302,-0.477513661,-1.473055455,0.258620412,-0.427136457,-1.428349022,1.554768213,-0.910568825,-0.219830783,-0.465757538,1.231431618,0.730042752,1.363904701,-0.284760319,-1.200103671,-1.290655414,-0.435542587,0.81529945,0.497740337,0.622846417,0,0
11/12/2023,1209,-1.464322622,-0.944464027,-1.263524933,-1.398160098,-1.147591837,-0.22193186,-0.617322387,-1.913284185,-0.246815059,0.438972621,-0.938126828,-0.938097207,-1.613076301,-1.414559298,-1.434821449,-0.320574049,-0.184060501,-1.162517399,0.279378967,-1.320043557,-0.467536406,-1.147601313,0.774424232,-0.301820091,0.806778998,-1.308656748,-0.926751475,-1.454649152,-1.151737934,-0.799552634,0.195314284,-1.100613519,0,0
11/13/2023,1725,-0.434683837,0.421714317,-0.619529168,-0.33786563,-1.519568493,-0.623576095,0.711705421,-1.094866061,-0.270978828,0.533028541,-0.732925409,-0.472601916,-0.734258735,-0.678309155,-1.363815437,0.093136281,-0.641043299,-0.453633069,0.773105923,-0.120608724,-0.06946585,0.463585178,1.215819565,0.570693304,1.270785119,0.115674423,-0.877667401,-0.783645125,-0.304853388,-0.185908842,0.170793253,-0.342291147,0,0
11/14/2023,2157,-0.439964036,-0.874457994,-0.502439029,-0.750685197,0.275623196,-0.461444477,-1.170103864,0.191668381,0.655298952,0.402797267,-0.877543552,0.750464143,0.681241314,2.065895924,-1.243651416,0.299991445,0.515998255,0.078030178,3.207586209,-0.203953139,-0.219675286,2.158421136,0.672236245,0.837077476,5.126094988,0.632691432,-0.387911384,-0.50317605,-0.394945516,-0.089017717,0.579477108,1.432872586,0,0
11/15/2023,1991,-0.411802975,0.209574823,-1.204979863,-0.381320321,1.504763452,-0.634630524,0.053072171,0.568674811,1.49136533,1.381340588,-0.873634953,0.202822624,-0.588348185,0.994986625,-1.281885423,0.237934896,0.175691915,-0.896685775,3.165865849,-0.548201807,-0.39149871,1.353259074,0.741780847,1.060166704,4.443218054,0.379251721,-0.955225662,-1.197607754,-0.708784968,3.140686452,0.935032062,-0.187179753,0,0
11/16/2023,1749,-0.186514488,0.067441362,-0.912254516,-0.220537963,1.423898962,-0.461444477,0.523524492,0.989665324,1.095079532,0.59633541,-0.650844841,0.919320277,-1.220627235,-0.209786337,-1.314657428,-0.093033368,-0.368798228,-0.630854152,1.271588567,-0.573567498,-0.234019821,1.127319274,1.397487097,0.952530661,3.33772148,0.318426191,-0.706279913,-0.460519997,-0.585974196,-0.508879259,0.46095879,0.571142619,0,0
11/17/2023,1723,-0.600130069,-0.157426502,-0.736619307,-0.967958654,-0.419811422,0.470812326,-0.029256985,0.918976618,0.594084072,0.623466925,-0.746605504,-1.038498152,-0.856689426,-0.745240986,-1.26549942,-0.299888532,-0.670212414,-1.339738481,0.934150836,-0.678653933,-0.34449995,0.309509182,0.658043469,0.5544577,2.715332479,0.00416095,-0.133270798,-0.842435333,-0.390959959,0.6215172,1.625707777,1.484576385,0,0
11/18/2023,1405,-1.224953605,-1.549061586,-1.497705211,-1.276486962,0.574821811,-0.579358381,-1.864021038,-0.19476321,0.460377889,0.187553912,-0.712405267,-0.71447692,-1.057945358,0.057940988,-1.44028345,-0.19646095,0.272922298,-0.985296316,0.552182565,-1.149731058,-0.355617936,-0.462595531,1.553607633,0.651270006,2.428014795,-0.761226974,-1.306678485,-1.043780744,-0.747528291,-0.799552634,0.751124327,-1.048909721,0,0
11/19/2023,1193,-1.64560945,-1.843935483,-1.322070002,-1.519833234,-0.088267011,-0.461444477,-0.605561079,-0.95505951,0.2090747,0.404606035,-0.950829773,-1.330573629,-1.213918704,-0.946036479,-1.32558143,-0.1344044,-1.068856983,-0.808075234,0.37924843,-1.080881324,-0.48024823,-1.118568336,1.566381131,0.868947366,1.96957993,-1.146455333,-1.514675641,-1.387018312,-1.348976668,-0.993334884,0.015493388,-0.342291147,0,0
11/20/2023,4317,-0.719814577,0.052591597,-0.326803821,-0.78544895,-0.589626852,0.102331376,-1.01720686,-0.245030734,0.341169966,0.97979416,-0.858000559,1.097303771,-1.103227942,0.794191131,-1.292809425,0.713701774,-0.028491888,-0.808075234,5.881147938,0.524404569,-0.034829046,0.292836779,1.376197933,0.821443191,4.190123806,1.352460208,-0.19401573,-0.912276332,-0.057841533,-0.185908842,1.372323787,0.571142619,1,0
11/21/2023,2401,-0.779656831,-0.04499257,-0.44389396,-0.151010457,1.383466716,0.688216087,-0.499709306,-0.111507623,0.763230449,1.225786567,-0.525769691,0.02940281,-0.459208962,1.329645781,-1.254575418,0.341362478,-0.611874184,-0.896685775,2.492071225,0.187403242,-0.153433858,0.24770631,1.00008937,1.178626482,3.469043967,0.637760226,-0.453266423,-0.740105008,-0.013073531,1.525834368,1.339629079,-1.100613519,0,0
11/22/2023,1768,-0.756775969,-1.118418412,-1.087889724,-0.954922247,0.615254056,-0.752544428,-0.429141458,0.403734498,-0.114719793,0.704861471,-0.634233298,-0.248981629,-1.390017644,-0.477513661,-1.336505432,-0.113718884,-0.213229615,-1.605570105,1.067958623,-0.475728403,-0.18939238,-0.483292307,1.028474922,0.659087149,2.271223704,-0.497649676,-1.029529731,-0.467150471,-0.604233609,0.912190576,1.417279011,-0.342291147,0,0
11/23/2023,1343,-1.367518975,-1.182060261,-1.322070002,-1.276486962,-0.516848811,-0.840979856,-1.311239561,-0.948776069,-0.427237862,0.142334719,-0.822823173,-1.289500515,-1.804269436,-0.41058183,-1.434821449,-0.341259565,-0.641043299,-1.339738481,0.885080775,-1.211333451,-0.562272534,-1.279255802,1.107954467,2.129912623,1.501594339,-1.470858162,-1.659487221,-1.071407722,-1.229595329,0.81529945,0.407829889,0.571142619,1,0
11/24/2023,1828,-1.177431815,-0.863851019,-1.439160141,-1.193923049,-0.840306773,0.264462994,-2.005156735,-1.000614453,-0.008399214,0.489618116,-0.647913393,-0.499983992,-1.042851163,0.660327469,-1.347429434,0.134507313,-0.213229615,-0.54224361,1.054772395,-0.214824149,-0.230793272,-0.717855764,0.619722973,2.400506026,2.021313031,-0.710539032,-0.922412552,-0.711151936,-0.858382392,-0.799552634,-0.429972014,-0.238883551,1,0
11/25/2023,1636,-1.233753936,-0.63261897,-1.322070002,-0.203156087,-1.268888572,0.88351099,-0.89959378,-0.004689135,-0.035784818,0.719331613,-0.575604321,-1.18909957,-1.408466104,0.526463806,-1.456669453,0.299991445,-0.884119256,-1.25112794,0.883135266,0.129424519,-0.240667288,-1.107357582,0.666559134,0.908033079,1.842236912,-0.472305705,-0.143846925,-1.078701244,-0.710824091,0.6215172,0.505914014,-1.152317317,0,0
11/26/2023,1736,-1.112309362,-1.044169589,-1.497705211,-1.172195703,-1.721729719,-0.188768574,-1.052490784,-0.397404166,-0.045450325,0.514940864,-0.545312683,-0.828568903,-1.547668123,0.526463806,-1.303733426,0.961927972,-0.728550643,-0.985296316,0.908643051,-0.22931883,-0.337774735,-0.861583372,0.998670092,1.028296814,1.859746577,-0.664919884,-0.696517335,-1.189872201,-0.998340328,-0.799552634,0.424177243,-1.204021115,0,0
11/27/2023,2005,-1.00846545,-0.963556581,-1.087889724,-1.193923049,-0.35511983,3.429714355,-0.205676606,-0.772839735,-0.125996219,0.623466925,-0.395808792,-0.431528802,-0.551451264,1.463509443,-1.331043431,3.258020298,-0.213229615,0.078030178,0.599739452,2.06808807,-0.143287723,0.338829614,1.533737747,0.920660772,2.081005071,0.409664487,0.352417477,-0.804862643,-0.24405047,-0.185908842,0.910511031,0.51943882,0,0
11/28/2023,2070,-0.51388682,0.527784065,-0.678074238,-0.420429543,-0.791788078,2.545360075,1.370338671,-0.103653323,0.871161947,0.413649873,-0.573650022,-0.162271722,0.240155398,1.798168599,-1.20541741,3.485560979,-0.154891386,1.67301992,0.39870352,2.698606683,-0.072964517,1.484626108,1.309491886,0.492521876,-0.008216317,1.458904886,2.668318019,-0.254975285,0.346646171,0.718408325,0.767471681,-1.100613519,0,0
11/29/2023,4119,-0.587809605,0.935091894,-0.326803821,0.322645678,-0.460243667,2.479033504,0.076594787,-0.058098379,0.387886584,0.929148665,-0.450529171,2.032858032,1.117295832,2.132827755,-1.112563394,3.382133397,0.574336484,0.343861802,5.530956314,2.013733017,0.146285282,1.734712147,1.310911164,1.85029944,1.849399957,1.813720481,2.057614504,-0.399077599,0.440909232,2.430151535,3.399395709,-0.342291147,1,0
11/30/2023,2383,-1.087668434,-0.424722265,-0.736619307,-0.794139889,-1.220369878,1.557831129,-0.981922936,-0.416254487,1.161127165,0.089880456,-0.530655439,-0.102943891,0.625895933,1.195782118,-1.331043431,1.003299005,-0.067384041,0.25525126,1.610539472,0.817921855,0.063988859,0.521363676,1.528060636,0.97117154,1.715689788,0.080192863,0.534923457,-0.688829338,0.19945862,2.623933785,1.67474984,1.432872586,0,0
12/1/2023,1721,-1.321757251,-0.82566591,-0.678074238,-1.046177098,-0.508762362,1.502558986,-0.205676606,-0.06595268,4.28308601,0.47876551,-0.517952494,-0.390455688,-0.660464894,-0.276718168,-1.32558143,0.817129356,0.574336484,0.521082884,0.634542447,0.031585424,-0.171082689,0.280476205,0.205293915,1.18403835,1.558102804,-0.487512087,-0.692720777,-0.670927057,0.010098313,-0.605770384,0.101316998,-0.187179753,0,0
12/2/2023,1273,-1.430881362,-0.63261897,-0.970799585,-0.516029864,-0.816047426,0.028635186,0.194207867,-0.568627919,5.531547365,0.448016459,-0.539449785,-0.84682362,-1.141801996,-1.54842296,-1.462131454,-0.19646095,0.175691915,-1.605570105,0.171943635,-0.464857392,-0.11875818,-0.679336764,0.753135068,0.448625613,1.318538751,-0.867671652,-0.693263142,-1.079364291,-0.7320495,-0.185908842,0.248443185,0.571142619,0,0
12/3/2023,927,-1.79345502,-1.150239337,-1.848975628,-1.645851839,-1.066727346,-0.796762142,-0.652606311,-1.145133585,5.476776157,0.165848699,-0.615667455,-0.787495789,-0.930483268,-1.280695635,-1.429359448,-0.279203016,-0.854950141,-1.25112794,0.061265789,-1.167849409,-0.456884909,-1.202792714,1.157629183,-0.017396359,1.227806851,-1.344138307,-1.950195111,-1.394311834,-1.284558942,-0.089017717,0.591737624,0.622846417,0,0
12/4/2023,1230,-1.087668434,-1.075990513,-1.029344655,-1.463342135,0.121980664,-0.472498906,0.41767272,-0.028252037,4.651986204,0.268948458,-0.52674684,0.595299046,-1.109936473,-0.879104648,-1.418435446,0.093136281,0.000677227,-1.162517399,0.140166988,0.133048189,-0.110050387,-0.45425933,0.521792819,1.731238343,1.506369703,-0.512856058,-0.41231783,-0.923327123,-0.663831592,0.718408325,1.9567417,0.622846417,0,0
12/5/2023,1251,-0.51388682,-0.857486834,-0.502439029,-0.881049271,-0.136785705,0.102331376,1.440906519,-0.358132663,4.394239344,0.556542521,-0.710450968,0.531407535,-0.631953637,0.7272593,-1.232727414,0.362047994,0.117353686,0.698303966,0.111632856,0.046080104,-0.284322878,0.0295278,0.831195336,0.394506933,1.569245318,-0.122558905,-0.681602285,-0.58672003,-0.425068913,-0.799552634,0.379222019,-1.100613519,0,0
12/6/2023,1411,-0.235796345,-0.526549223,-0.326803821,-0.055410136,0.421179279,0.688216087,-0.217437914,-0.650312646,4.254089489,0.40822357,-0.489615155,0.047657527,-0.86507509,-0.544445492,-0.697451323,0.031079731,-0.611874184,-0.099190904,0.179293336,-0.026393299,-0.097843926,0.040163643,0.700621797,0.819037916,1.445881769,-0.512856058,-1.259492689,-0.752481894,-0.25322652,-0.185908842,0.783819036,-0.342291147,0,0
12/7/2023,1380,-0.781416898,0.977519793,-0.092623543,-0.290065469,-1.12333249,0.905619847,0.158923943,-0.717859631,4.360410069,1.336121396,-1.022161695,0.106985358,-1.068008154,0.459531975,-0.194947237,0.196563863,0.272922298,-0.54224361,0.223175373,0.220016274,0.017067848,-0.747463651,0.714814573,0.789573301,1.354353975,-0.492580881,-0.099644139,-0.588488156,0.45332934,-0.089017717,1.163895021,-1.152317317,0,0
12/12/2023,1564,-0.278037936,-0.100148839,-0.092623543,-0.546448148,-0.104439909,1.653636176,0.229491792,-0.683300708,0.468432478,0.952662645,-1.016298797,0.348860362,-0.12378241,0.660327469,1.044926974,0.755072807,-0.339629113,0.521082884,0.288890344,1.122310151,-0.198333417,0.603000958,2.315759703,0.936295057,-0.25812699,0.967231849,-0.122965854,-0.626723893,0.16979866,-0.089017717,0.99633464,-0.342291147,0,0
12/13/2023,1710,0.670637799,-0.488364114,-0.151168612,1.057029962,-0.767528731,0.408170565,0.817557193,0.106841934,0.039928323,1.706918772,-0.909789489,1.174886319,-0.469271759,0.325668313,1.088622982,0.196563863,-0.91328837,-0.719464693,0.137356808,1.966625305,-0.246615022,1.020673388,2.507362179,0.674721434,-0.242209113,1.651519066,-0.033746735,-0.540085692,0.193063191,0.718408325,0.971813609,1.432872586,0,0
12/14/2023,1347,-0.49980629,-0.82566591,-0.853709446,0.057572061,-0.662404894,0.14654909,-0.288005762,-0.309435999,0.004488129,0.26713969,-0.65377629,-0.78293211,-0.860043692,-0.678309155,0.597042898,0.113821797,-0.24239873,-0.453633069,0.185994534,0.422941804,-0.149585324,-0.092640667,1.123566521,-0.00296471,-0.386265902,0.075124069,-0.977191464,-0.655897981,-0.526468902,-0.799552634,0.154445899,-0.187179753,0,0
12/15/2023,1487,-0.476925428,0.215939008,2.424814446,-0.520375333,-0.638145547,-0.232986288,0.158923943,0.454002021,-0.040617571,0.263522155,-1.064179128,0.111549037,-0.942223197,-0.41058183,0.831908938,-0.1344044,0.331260528,-0.010580363,-0.002719841,0.249005635,-0.2485976,-0.121961099,0.389800003,0.678930665,-0.191271906,-0.335448261,-0.722279695,-0.726402028,-0.548899246,2.236369285,0.260703701,1.432872586,0,0
12/16/2023,1177,-0.85181955,-0.462907374,-0.795164377,-0.572520963,-0.031661868,-0.623576095,1.699655296,0.238794185,-0.005177378,0.420884944,-0.848229063,-0.436092481,-1.618107699,-1.213763804,-0.227719243,-0.465372664,-0.339629113,-0.985296316,-0.134582119,-0.124232394,-0.223795938,-0.152143897,1.279687057,0.15097287,-0.367164449,-1.156592922,-1.137460459,-0.937472135,-0.682461754,-0.605770384,0.387395696,0.674550215,0,0
12/17/2023,973,-0.89934134,-1.674223888,-0.853709446,-1.984798431,-0.363206279,0.828238848,0.699944113,-1.094866061,-0.201709359,0.482383045,-1.08469927,-0.860514658,-1.153541925,-1.012968311,-0.260491248,-0.672227828,-1.156364327,0.166640719,-0.130907269,-0.733008986,-0.503767047,-0.955006317,1.323684662,-0.214027565,-0.430040064,-1.369482278,-1.095698318,-0.928852518,-1.107247994,0.6215172,1.012681995,1.484576385,0,0
12/18/2023,1249,-0.811338025,-1.00174169,-0.970799585,-0.307447346,-0.613886199,-0.004528099,-0.617322387,-0.386408145,-0.225873127,0.71390531,-0.848229063,-1.814323637,-0.710778876,-0.544445492,0.853756942,0.113821797,-0.271567845,-0.896685775,-0.086376729,0.354092071,-0.39044911,-0.29615896,0.605530198,0.397513526,-0.331349225,-0.715607826,-1.105189714,-1.123788471,-0.838732668,-0.799552634,0.473219306,-1.048909721,0,0
12/19/2023,1530,-0.316759395,-0.108634419,-0.678074238,-0.411738605,0.776983037,0.308680708,-0.464425382,0.424155679,-0.225873127,0.695817633,-0.913698087,-0.212472195,-0.162356464,-0.209786337,0.973920962,0.941242455,-0.397967342,-0.010580363,-0.033847985,1.162170523,-0.054149463,0.922651159,1.052602641,0.796187806,-0.315431348,0.379251721,0.290587814,-0.451458348,-0.024381391,-0.993334884,0.706169103,-1.204021115,0,0
12/20/2023,1344,0.313344341,-0.05772094,-0.326803821,-0.233574371,-1.074813795,1.25199194,0.452956644,0.469710623,-0.427237862,1.323460022,-0.974281364,0.449261307,0.359231824,0.593395638,1.296179017,0.279305929,-0.427136457,1.495798837,0.160919084,0.658480366,-0.051933641,1.093974468,0.548759094,0.186450672,-0.32816565,0.794892846,-0.181541324,-0.37896516,-0.200023967,0.6215172,1.662489324,1.381168788,0,0
12/21/2023,1126,-0.102031306,0.048348807,-0.092623543,-0.316138284,0.906366222,-0.350900192,-0.617322387,0.739898564,-0.088945107,1.670743419,0.436722679,-1.32144627,-0.465917493,-0.142854505,1.378109031,-0.030976818,-0.670212414,1.407188296,-0.066921639,-0.363394627,0.005327876,1.371368753,1.190272568,2.794369757,-0.226291235,0.445146046,-1.4352191,-0.55710391,-0.387530526,0.81529945,0.751124327,0.674550215,0,0
12/22/2023,1027,-0.776136699,-1.00598448,-0.502439029,-0.763721605,0.971057815,-0.081909099,0.123640019,1.126330155,0.478097985,1.025013353,0.728890413,-0.057307098,-0.613505176,0.861122962,0.340328854,-0.19646095,-0.942457485,-0.010580363,-0.104967148,-0.519212445,-0.197206069,1.087937909,0.530308485,1.900810209,-0.261310565,-0.168178052,-0.884718152,-1.108759395,-0.985456783,-0.799552634,0.424177243,-1.100613519,0,0
12/23/2023,1061,-1.070067771,-1.918184306,-1.087889724,-1.793597789,0.542476015,-0.981002617,-0.946639012,-0.087944721,-0.707537572,1.169714768,0.010685447,-0.792059468,-0.82817817,-1.749218454,-0.320573259,-0.424001631,-1.214702557,-1.694180646,-0.059571938,-0.540954466,-0.234836177,-0.243554656,0.795713396,0.063781662,-0.426060595,-1.278243983,-1.430337811,-1.188988137,-0.695808736,-0.185908842,0.195314284,-0.342291147,1,0
12/24/2023,813,-1.448482025,-1.438749049,-1.146434794,-1.802288727,-1.931977395,-0.299312859,-1.381807409,-0.670733827,-0.333804625,1.015969514,0.069314424,-1.92841562,-2.111184731,-2.016945778,-1.041557382,-1.065252641,-1.243871672,-2.137233352,-0.116640202,-1.468614035,-0.537626369,-1.735447231,0.483472324,-0.042651743,-0.486548528,-1.734435461,-2.49581477,-1.428569286,-1.366401895,0.718408325,0.375135181,0.571142619,1,0
12/25/2023,763,-1.622728589,-1.831207114,-1.55625028,-1.78925232,-0.403638524,-1.17629752,-1.711124034,-0.879658224,-0.593162403,0.135099649,-0.132955546,-1.823450995,-2.849123145,-2.418536765,-0.954165367,-1.044567124,-0.514643802,-2.137233352,-0.135879125,-1.874465096,-0.829765063,-2.621671665,0.653785636,-0.43350888,-0.542261099,-2.251452469,-2.259343427,-1.777553264,-1.551683957,0.007873408,-0.213369571,-1.100613519,1,0
12/26/2023,1294,-0.714534378,-0.795966381,-1.322070002,-0.376974852,0.825501732,0.242354137,-1.452375257,-0.58433652,-0.309640857,0.122438275,-0.134909845,-1.111517021,-1.619784832,-0.812172817,0.209240832,-0.341259565,-0.670212414,-0.187801446,-0.080324034,-0.381512978,-0.364170233,-0.452247143,0.892224272,0.054160563,-0.405367354,-0.522993647,-0.60078983,-0.871167389,-0.822141628,-0.896443759,0.326093118,0.51943882,0,0
12/27/2023,1188,-0.735655174,-0.308045544,-0.619529168,-0.750685197,0.542476015,-0.59041281,0.935170273,-0.389549865,-0.432070615,0.585482804,-0.254122098,-1.257554759,-0.792958382,-0.075922674,0.739054922,0.113821797,0.515998255,0.521082884,-0.01115038,0.002596062,-0.306092361,-0.318005557,0.704879629,0.024695948,-0.370348025,-0.588887971,-0.895565461,-0.691481528,-0.800360095,-0.185908842,0.501827176,2.346306353,0,0
12/28/2023,1130,-0.971504058,-0.176519057,-0.795164377,-0.924503963,-0.314687584,-0.461444477,-1.13481994,-0.135070525,-0.048672161,1.091937757,-0.317636823,-0.486292954,-0.628599371,-0.276718168,0.640738905,-0.237831983,0.175691915,-0.010580363,-0.031253973,0.169284891,-0.129409678,-0.161917374,1.105115912,0.652472643,-0.340899952,-0.05666458,-0.797126129,-0.600644026,-0.611463225,0.718408325,1.535797329,-0.135475955,0,0
12/29/2023,1170,-0.381881848,-1.01871285,-0.736619307,-0.502993457,-0.613886199,1.576255176,0.347104872,0.443006001,-0.201709359,0.829666442,-0.445643423,-0.504547671,-0.283110023,-0.41058183,0.640738905,-0.175775433,-0.611874184,-0.54224361,-0.178680323,0.067822126,-0.142238123,0.016879771,1.120727966,0.11910298,-0.290758638,-0.2137972,0.240690191,-0.071311139,-0.133659806,0.007873408,0.534521884,-1.152317317,0,0
12/30/2023,999,-0.835978953,-1.069626329,-1.029344655,-1.428578382,0.170499359,0.22393009,-0.029256985,-0.158633427,-0.306419021,0.565586359,-0.68015933,-0.17596276,-0.326715474,-1.54842296,-0.113017223,-0.527429213,-0.699381529,-0.187801446,-0.236180923,-0.345276276,-0.312739828,-0.265976163,0.619722973,0.325355285,-0.411734505,-1.085629803,-0.483910072,-0.810167023,-0.607477668,-0.896443759,0.706169103,0.51943882,0,0
12/31/2023,464,-1.339357914,-0.64534734,-1.322070002,-1.871816234,-1.551914289,-0.969948188,-0.687890235,-1.33834938,-0.396630422,-0.185052233,-0.315682524,-1.503993443,-1.63655616,-1.213763804,-0.73568533,-0.217146466,-1.428609399,-1.339738481,-0.350101285,-0.671406593,-0.530862279,-1.638862278,0.418185555,0.099259464,-0.477793696,-1.557027664,-1.941246081,-1.530678594,-1.259440664,-0.993334884,-0.483100915,-1.100613519,0,1
1/1/2024,354,-1.128149959,-1.574518325,-1.263524933,-1.367741814,-0.557281056,-1.220515234,-1.640556186,-0.881229084,-0.52711477,0.135099649,-0.78178289,-1.440101932,-1.792529506,-1.347627467,-0.227719243,-0.403316114,-1.02996483,-1.339738481,-0.537734821,-0.142350745,-0.630807533,-2.14420855,0.401154223,-0.275963388,-0.512813026,-1.511408516,-2.28347869,-1.229876064,-1.311530969,-0.185908842,-0.425885176,-0.342291147,0,1
1/2/2024,1151,-0.83245882,-0.995377506,-0.912254516,-0.976649592,0.396919932,-1.600050613,-1.158342556,-0.967626391,-0.501340084,0.545689915,-0.257053547,-1.298627873,0.261958124,-0.142854505,0.788212931,0.299991445,-0.485474687,1.495798837,-0.272713259,1.321612011,-0.183172527,-0.834562582,1.110793022,0.333773747,-0.365572661,-0.223934789,0.0332354,-0.411233469,-0.419507671,-0.896443759,1.029029349,-1.152317317,0,0
1/3/2024,1259,-0.624770997,-0.108634419,-0.034078473,-1.046177098,-1.325493716,0.404485755,-0.793742007,-0.907933706,-0.093777861,0.046470032,-0.699702322,1.110994809,0.047285131,0.392600144,1.263407012,0.899871422,0.059015456,2.116072626,-0.453645598,0.886771588,-0.155999547,-0.205323112,0.628238639,-0.019200315,-0.396612522,0.171431159,-0.084457906,-0.279729057,-0.222361624,-0.185908842,0.894163677,-0.342291147,0,0
1/4/2024,1210,-0.295638599,-0.481999929,-0.678074238,-0.190119679,0.07346197,-1.132079806,0.711705421,-0.545065017,-0.488452741,0.523984702,-1.249837555,-0.655149089,-0.217701845,0.7272593,0.810060934,0.610274192,-0.125722271,0.698303966,-0.49061027,0.408447123,-0.35231364,-0.350487996,-0.078561605,0.22794166,-0.399000204,-0.122558905,-0.560925968,-0.606611453,-0.429332533,-0.896443759,0.550869238,-0.290587349,0,0
1/5/2024,1200,0.005332738,-1.356014646,-0.912254516,-0.194465148,-0.136785705,1.163556512,-0.288005762,-0.031393757,-0.541613031,-0.043968353,-1.308466531,-1.586139671,-0.159002198,-0.41058183,1.110470986,0.630959708,-0.154891386,1.850241002,-0.49795997,0.91938462,-0.362148781,-0.187788344,0.731845904,0.635034402,-0.357613723,-0.259416348,-0.520790924,-0.80663077,-0.341928338,3.851221369,1.229284438,0.571142619,0,0
1/6/2024,1185,-1.107029163,-0.982649136,-0.912254516,-0.859321926,0.219018053,0.754542658,-1.01720686,-0.44610083,-0.581885978,0.467912904,-1.088607868,-1.097825983,-0.274724359,0.325668313,0.526036886,0.44479006,0.088184571,-0.187801446,-0.535573145,0.759943132,-0.119069173,-0.812141075,0.164134865,-0.123228445,-0.441978472,-0.644644707,-0.231981313,-0.610368722,-0.258787763,2.010289993,1.315108047,1.484576385,0,0
1/7/2024,948,-0.980304389,-0.957192397,-0.970799585,-0.502993457,-1.147591837,-0.568303953,-0.499709306,-1.288081856,-0.264535156,0.086262921,-1.257654751,0.796100936,-1.044528296,-0.812172817,0.110924815,0.051765248,-1.098026098,0.875525049,-0.534924642,0.52802824,-0.269706224,-1.701814971,0.367091561,-0.380592837,-0.461875819,-0.898084417,-1.082681547,-1.24755733,-0.753274908,-0.702661509,0.293398409,-0.187179753,0,0
1/8/2024,1163,-0.948623196,-0.532913408,-0.970799585,-0.124937642,0.50204377,-0.645684952,-0.429141458,-0.950346929,-0.548056702,0.800726159,-1.329963823,-0.58213022,-0.380383723,0.392600144,0.531498887,0.899871422,-0.271567845,-0.187801446,-0.496662964,1.158546853,-0.18243392,-0.922523878,0.081816764,0.117900343,-0.461079925,-0.538200029,-0.836447625,-0.785634267,-0.431278968,0.6215172,0.579477108,-1.152317317,0,0
1/9/2024,1249,-0.728614909,1.826077771,-0.619529168,1.109175591,-0.290428237,2.117922173,-0.723174159,-0.623608024,-0.465899891,1.435603619,-0.822823173,0.595299046,-0.499460149,0.994986625,1.585665067,1.43769485,0.331260528,-0.276411987,-0.51006536,1.372343394,-0.254350964,0.152846088,0.220905968,1.080611539,-0.354430147,0.267738249,-0.398216328,-0.853265108,-0.301980079,-0.799552634,0.832861098,-1.204021115,0,0
1/10/2024,1134,0.089815921,0.587183123,0.317191944,0.383482246,-0.816047426,1.91525765,-0.758458083,-0.865520483,-0.129218054,1.726815217,-1.152122593,0.189131586,0.397805878,0.191804651,1.929771125,1.189468653,0.146522801,1.052746131,-0.502283324,0.781685153,-0.245409926,0.118351462,1.164725571,0.655479237,-0.337716376,0.490765194,-0.508587701,-0.581857682,-0.194648099,1.428943243,1.061724057,-0.342291147,0,0
1/11/2024,1293,-0.343160389,1.034797456,-0.034078473,1.148284813,0.146240011,1.156186893,-0.170392682,-0.545065017,0.392719338,2.432234617,-1.199025775,1.261596227,0.760066554,0.794191131,1.247021009,1.292896235,-0.125722271,0.786914508,-0.47850488,1.173041533,-0.318454318,0.20803749,1.559284743,0.29589067,-0.334532801,0.35390775,0.757835664,-0.39266814,0.162290982,0.104764533,1.597099908,-0.290587349,0,0
1/12/2024,1374,-0.670532721,0.005920908,0.434282083,-0.051064667,-0.743269384,1.111969179,-0.687890235,0.164963759,0.047982912,1.835341279,-0.954738371,0.828046691,0.245186797,1.664304936,1.602051069,1.954832761,-0.641043299,0.698303966,-0.502715659,1.517290201,-0.258743734,0.400632485,0.848226667,0.396310889,-0.318614924,0.333632574,0.237707181,-0.534339281,0.157378552,-0.089017717,1.147547667,-0.290587349,0,0
1/13/2024,1455,-0.350200654,-0.375930182,-0.619529168,-1.402505567,0.146240011,0.559247754,-0.170392682,-0.658166946,-0.000344624,0.894782079,-1.145282546,-0.381328329,0.1378503,0.994986625,-0.031087209,1.872090696,-0.456305572,-0.187801446,-0.481531228,2.173174506,-0.093567778,0.077245366,0.403992779,-0.167726027,-0.406163248,0.059917687,1.029018397,-0.608821612,0.337192059,-0.089017717,0.064535451,-0.290587349,0,0
1/14/2024,1514,-0.923982268,-0.288952989,-0.268258751,-0.78544895,-0.94543061,4.395134444,0.782273269,-0.491655773,0.160747163,0.701243936,-0.951806922,0.964957071,-0.579962521,1.664304936,0.242012837,3.299391331,0.545167369,0.166640719,-0.467696497,2.745714396,-0.204397774,-0.014452848,-0.312742408,-0.232067125,-0.384674114,0.470490017,1.18711793,-0.775688555,0.593472651,-0.089017717,1.372323787,-1.152317317,0,0
1/15/2024,1828,-0.51388682,-0.176519057,-0.44389396,-0.368283914,0.526303117,2.600632217,-1.758169266,-0.615753723,-0.142105397,0.826048907,-0.876566402,-0.112071249,0.214998407,2.065895924,1.01761697,4.188868539,-0.553535955,1.052746131,-0.4395947,4.437968374,-0.021145371,0.518489124,-0.216231532,0.066788256,-0.357613723,0.830374405,2.820722715,-0.419190039,1.057187589,0.718408325,1.237458115,-0.342291147,0,0
1/16/2024,1737,-0.939822865,-0.382294367,-0.853709446,0.21400895,-1.301234369,3.031754929,-0.605561079,0.033011508,-0.059948586,0.706670239,-0.992847206,-0.034488701,0.194872814,1.061918456,1.361723028,4.292296121,0.272922298,-0.010580363,-0.418842604,4.057483004,2.13E-06,1.445532199,0.656624191,0.806410224,-0.281207912,0.901337524,1.684467063,0.16186055,1.118732006,2.430151535,1.507189459,-0.290587349,0,0
1/17/2024,1597,0.234141357,-0.501092483,-0.678074238,-0.807176296,-2.150311519,4.538842015,-0.429141458,0.348754393,-0.085723272,1.09736406,-0.98307571,0.449261307,0.808703404,1.262713949,1.531045057,3.051165134,-0.339629113,0.786914508,-0.457320449,3.843686463,0.00641635,1.678370924,0.474956658,0.849705168,-0.30349294,0.840511994,1.35281058,-0.077720598,1.054963092,1.009081701,0.624432332,1.432872586,0,0
1/18/2024,1070,0.645996871,0.447171057,-0.268258751,-1.154813827,-1.212283429,1.126708417,-0.429141458,0.966102422,0.594084072,0.965324019,-1.248860405,-0.294618422,-0.205961916,1.195782118,1.454577044,2.554712739,0.302091413,1.229967214,-0.483260569,1.850667859,-0.102081201,1.830434734,0.440893996,0.398716163,-0.288370957,0.582003489,0.550923238,0.062624448,0.488735917,-0.799552634,0.718429619,-0.187179753,0,0
1/19/2024,1520,0.06165486,1.353006698,0.317191944,-0.203156087,-0.686664241,1.100914751,-1.01720686,-0.730426512,0.354057309,0.491426884,-1.1345339,-0.162271722,0.124433238,1.128850287,1.454577044,2.368543091,0.146522801,0.432472343,-0.476991706,2.024604028,-0.093062415,0.855099183,0.157038477,0.491920558,-0.321002605,0.343770162,1.534231829,0.083841966,0.479652555,-0.993334884,0.436437759,0.571142619,0,0
1/20/2024,1266,-0.408282842,-0.293195779,-1.087889724,-1.063558975,-0.840306773,1.664690604,-0.793742007,-0.039248057,-0.530336606,0.482383045,-1.043658986,0.207386303,-0.155647933,0.124872819,0.181930827,1.582493465,-0.854950141,-0.365022528,-0.509633024,1.611505626,-0.14849685,0.721719963,0.016529994,0.168411111,-0.387061796,-0.147902876,1.528265809,-0.137173853,-0.11586383,-0.993334884,0.706169103,-0.238883551,0,0
1/21/2024,935,-0.763816235,0.135326,-0.853709446,-0.311792815,0.146240011,1.513613415,0.41767272,-0.83410328,-0.39018675,0.397370964,-1.157008341,-0.550184464,-0.782895585,0.459531975,0.149158821,1.168783136,0.243753183,-0.985296316,-0.531682127,0.832416536,-0.402616696,-0.207047843,0.074720376,0.178633529,-0.39820431,-0.325310673,0.222520948,-0.82674321,-0.540372008,-0.993334884,1.253805469,0.571142619,0,0
1/22/2024,976,0.079255523,-0.787480801,0.141556735,0.552955542,-1.147591837,1.318318511,-0.029256985,-0.353420082,-0.441736122,0.205641588,-1.073950624,1.293541982,-0.517908609,0.526463806,0.886528947,0.755072807,0.632674714,1.318577755,-0.541842007,0.687469728,-0.357406144,-0.311106632,0.367091561,0.30070122,-0.407755036,-0.284760319,-0.262353779,-0.74054704,-0.793501229,0.6215172,0.804253228,-1.100613519,0,0
1/23/2024,972,-0.651171991,-0.420479476,-0.619529168,-0.768067074,-1.115246041,1.123023608,-0.099824833,-1.146704445,-0.169491001,0.364813145,-0.940081127,0.727645746,1.241403656,1.128850287,1.552893061,0.899871422,0.175691915,0.786914508,-0.393767154,1.002729034,-0.173026393,0.350902733,0.223744524,0.337982977,-0.339308164,-0.163109258,0.228486968,0.395474272,-0.13986986,0.007873408,0.947292578,-1.204021115,0,0
1/24/2024,819,-0.487485826,-0.925371472,-0.092623543,-1.372087283,-0.888825467,0.006526329,-0.981922936,-1.093295201,-0.33702646,1.01958705,-0.72999396,1.088176412,-0.648724964,-0.008990843,1.176014997,0.320676962,-0.611874184,1.318577755,-0.490394102,0.861405897,2.739769382,-0.230906626,0.876612219,1.001237474,-0.38387822,-0.386136203,-0.174490573,0.363647994,-0.528786086,2.33326041,0.767471681,-0.342291147,0,0
1/25/2024,786,-0.367801317,-0.532913408,-0.209713682,-0.120592173,-0.258082441,0.124440233,-1.381807409,-0.681729848,-0.240371388,0.372048216,-0.584398668,-1.138899097,-0.606796645,-1.146831973,0.231088835,0.010394215,0.515998255,0.166640719,-0.522819252,0.020714413,9.499155156,-0.288685125,0.212390303,0.4997377,-0.32816565,-0.026251815,-0.675093899,-0.21983377,-0.550474932,1.009081701,0.947292578,-1.152317317,0,0
1/26/2024,995,-0.18123429,-0.719596163,-0.678074238,0.035844716,-0.791788078,-0.048745813,-0.829025931,-0.359703523,-0.467510809,0.73741929,-0.691885125,-1.298627873,-0.278078624,-0.544445492,0.460492875,0.010394215,-0.067384041,-0.54224361,-0.425543801,0.067822126,3.905719598,0.885281981,0.193939694,0.767925829,-0.347267103,-0.082008551,0.516754214,0.701581181,-0.19177479,0.007873408,1.2783265,0.51943882,0,0
1/27/2024,879,-0.600130069,-0.626254785,-0.736619307,-0.290065469,-0.460243667,-0.059800242,-0.170392682,-1.387046044,-0.577053224,1.243874243,-0.828686071,-0.828568903,-1.207210173,-0.946036479,-0.178561234,-0.072347851,-0.397967342,-1.073906858,-0.44326955,-0.062630001,1.460812223,0.242532116,0.30890118,0.575503853,-0.399796097,-0.59902556,-0.223574648,0.030135122,-0.367046617,-0.896443759,0.395569373,-0.238883551,0,0
1/28/2024,716,-0.96094366,-0.407751106,-0.795164377,-1.306905246,-0.209563747,1.414123558,-1.569988337,-0.218326112,-0.304808103,1.252918082,-0.818914575,-0.317436819,-0.484365954,-1.280695635,0.116386816,-0.672227828,0.545167369,-0.808075234,-0.462940808,-0.352523616,0.478503151,-0.052684392,0.392638558,0.262216824,-0.445162048,-0.872740446,-0.59780682,-0.479085326,-0.62258571,-0.993334884,0.898250515,1.432872586,0,0
1/29/2024,1023,-0.601890135,-0.607162231,-0.326803821,0.205318012,-0.993949305,-0.155605289,0.017788247,-0.219896972,-0.351524721,0.659642279,-0.986984308,-0.604948616,0.245186797,-0.075922674,1.034002972,0.341362478,-1.039687868,-0.276411987,-0.416032424,0.850534887,1.665212124,0.648993793,0.543081983,0.755298136,-0.317023136,0.201843924,0.914850466,0.642569958,0.228099019,0.6215172,1.176155537,-0.187179753,0,0
1/30/2024,1007,-0.026348455,0.12259763,0.551372222,1.052684492,-0.080180562,0.29762628,-0.064540909,-0.592190821,-0.60282791,0.860415493,-0.592215865,0.266714134,0.069087857,0.124872819,1.01761697,0.010394215,-0.514643802,0.875525049,-0.414086915,0.249005635,0.559672225,0.736092723,0.063366155,0.755899455,-0.366368555,0.019367333,0.477975083,0.761034437,-0.014093092,-0.799552634,0.99633464,-0.290587349,0,0
1/31/2024,1083,0.037013932,1.333914144,-0.151168612,1.348176393,-0.767528731,-0.22193186,0.488240568,-1.027319075,-0.430459697,0.214685427,-0.493523754,0.604426404,0.500110976,0.258736482,1.044926974,0.051765248,2.246699066,0.786914508,-0.409547394,-0.135103405,0.074873601,0.276164376,0.642431415,0.784161433,-0.344083527,-0.685195061,-0.27238754,0.907567925,-0.479847152,-0.993334884,1.584839392,3.156332522,0,0
2/1/2024,1046,0.829043766,0.449292452,0.492827152,0.61379211,-1.066727346,-0.992057045,-1.499420489,-0.406829326,-0.446568876,0.947236342,-0.463232116,-0.965479283,0.387743081,0.994986625,1.268869013,-0.113718884,0.379875719,1.761630461,-0.354208471,-0.338028936,1.725505819,-0.044923101,0.080397486,0.906229123,-0.348062996,-0.497649676,-0.179914228,0.069033906,-0.493657571,-0.993334884,0.738863812,-0.945502125,0,0
2/2/2024,1088,0.836084031,0.816293777,0.7855525,0.522537258,0.121980664,0.253408566,-0.570277155,-0.208900951,-0.169491001,0.818813836,-0.777874291,-0.358509933,0.074119255,0.392600144,0.558808891,-0.237831983,0.360429642,-1.162517399,-0.407818052,-0.830848081,7.723231786,0.066896979,1.174660514,2.236346029,-0.291554532,-0.507787264,-0.456520616,-0.100043195,-0.635191193,-0.185908842,0.424177243,0.51943882,0,0
2/3/2024,976,0.253502086,-0.006807461,-0.092623543,0.739810715,0.065375521,-0.774653285,1.041022046,-0.587478241,-0.256480567,0.656024744,-0.205264618,-0.37676465,0.458182657,-0.142854505,0.31848085,-0.424001631,0.389598757,0.521082884,-0.453429431,-1.120741696,2.66967942,-0.361411295,0.073301098,0.361434405,-0.42924417,-1.100836186,-0.744787861,0.212473173,-0.423307853,0.718408325,0.603998139,1.484576385,0,0
2/4/2024,691,0.71287939,-0.481999929,-0.678074238,-1.080940851,1.456244758,1.185665369,0.923408965,-0.988047572,-0.63343535,0.097115527,-0.547266982,0.636372159,-0.33006974,-0.477513661,-0.09663122,-0.651542312,0.146522801,-0.099190904,-0.442837215,-1.334538238,0.51815471,-0.551419193,0.45650605,0.093847596,-0.487344422,-1.192074481,-1.208510335,-0.318185809,-0.866168131,0.007873408,0.219835316,-0.187179753,0,0
2/5/2024,990,0.20422023,0.765380298,-0.560984099,-0.433465951,0.008770378,0.938783133,-0.288005762,-1.030460796,-0.515838345,0.348534236,-0.743674055,0.417315552,0.030513803,-0.209786337,1.121394987,0.320676962,1.818885382,1.229967214,-0.433758173,-0.591685849,0.42796685,-0.280348923,0.520373542,0.656080555,-0.414918081,-0.963978742,-0.36757268,0.016874173,-0.78358368,1.525834368,0.477306144,-0.290587349,0,0
2/6/2024,744,-0.216435616,0.629611022,0.434282083,0.21400895,-0.993949305,-0.741489999,-1.311239561,-1.148275305,-0.536780277,0.748271896,-0.761262748,1.745346235,0.043930866,0.459531975,1.110470986,0.072450764,-0.164614424,0.521082884,-0.44607973,-0.986665899,-0.148146983,-0.576427797,0.342963842,1.59233373,-0.422081126,-0.999460302,-1.522268758,-0.166789973,-0.936054412,1.719616618,1.127113474,-0.290587349,0,0
2/7/2024,866,0.049334396,1.253301136,0.961187708,2.126015368,0.324141891,-0.472498906,0.641137573,0.212089562,-0.380521243,0.746463128,-0.492546604,0.996902826,0.290469381,0.057940988,0.231088835,0.15519283,1.760547153,-0.365022528,-0.446512065,0.499038878,-0.157515636,0.059423143,0.676494077,0.98500187,-0.430040064,-0.776433357,-0.320115701,0.092682599,-0.715365772,0.104764533,0.791992713,0.571142619,0,0
2/8/2024,924,0.482310705,-0.193490217,0.083011666,1.587177196,0.089634868,0.102331376,0.594092341,-0.054956659,-0.522282016,0.786256017,-0.289299484,0.773282539,0.404514409,0.794191131,0.296632847,-0.403316114,-0.407690381,0.698303966,-0.448457574,0.176532231,-0.336764009,0.205162938,0.506180766,0.734853302,-0.375123388,-1.176868099,-0.501265767,0.337126095,-0.72815663,-0.896443759,-0.07441706,-1.100613519,0,0
2/9/2024,1014,0.661837468,-0.282588804,0.083011666,0.626828518,-0.767528731,-1.522669613,-0.323289686,1.032078547,-0.622158925,0.746463128,-0.586352967,1.330051416,0.372648886,0.392600144,0.96299696,-0.217146466,0.272922298,0.875525049,-0.456023443,0.234510954,-0.308735798,0.018891957,0.338706009,0.722225609,-0.384674114,-1.029873067,-0.720110233,0.26286478,-0.561690104,-0.185908842,0.23618267,2.242898756,0,0
2/10/2024,786,1.293701269,1.202387657,0.083011666,0.41390053,-1.673211025,0.404485755,-0.429141458,0.265498807,-0.027730228,0.695817633,-0.673319283,1.284414623,0.493402445,0.794191131,-0.304187256,-0.506743697,-0.096553156,0.609693425,-0.45537494,-1.055515633,-0.279191499,-0.392456458,0.534566318,0.752291543,-0.454712774,-0.50271847,-0.813668276,-0.26845725,-1.083334651,0.718408325,0.48956666,-0.135475955,0,0
2/11/2024,689,0.443589247,-0.511699458,-0.678074238,0.400864123,-1.163764735,-0.763598856,0.746989345,-0.981764132,-0.559333128,0.283418599,-0.825754622,-0.326564178,-0.246213102,-0.544445492,-0.249567247,-0.341259565,0.574336484,0.343861802,-0.441972544,-1.660668555,-0.51857807,-1.610404212,0.524631374,0.152776826,-0.547036462,-1.622921988,-0.750753882,-0.413664643,-1.523785057,-0.799552634,0.2075748,0.571142619,0,0
2/12/2024,705,0.376706727,-0.513820853,0.609917291,0.509500851,0.121980664,-0.104017956,0.594092341,-1.079157459,-0.631824432,0.731992987,-0.599055912,-1.316882591,-0.504491547,1.195782118,0.476878877,0.175878346,-0.310459998,-0.099190904,-0.438513861,-1.098999675,-0.391148843,-1.02514539,0.839711001,0.507554843,-0.461079925,-0.761226974,-0.570417364,0.167606962,-0.843552412,-0.185908842,1.70335771,0.622846417,0,0
2/20/2024,783,0.513991899,-0.401386921,0.551372222,-0.020646383,0.065375521,-0.428281192,-0.911355088,-0.681729848,-0.39018675,0.746463128,-0.569741423,0.070475923,1.278300577,0.593395638,1.208787002,-0.030976818,2.246699066,1.407188296,-0.24763781,0.364963081,-0.25240726,0.190215267,-0.896065501,-0.912158544,-0.415713975,-0.898084417,-0.898819654,0.415365695,-0.46687092,0.718408325,-0.769179614,-1.100613519,0,0
2/21/2024,884,-0.218195682,0.559604989,0.317191944,0.022808308,-0.767528731,-0.266149574,-0.499709306,-0.870233063,-0.522282016,1.82629744,-0.496455202,3.443034943,1.452722384,1.932032261,1.454577044,0.50684661,3.053711242,3.445230744,-0.325674338,0.176532231,-0.355384692,0.318420293,-1.108957141,-0.998748433,-0.370348025,-0.786570945,-0.607298216,1.171460813,0.126328281,0.81529945,-1.087953021,2.242898756,0,0
2/22/2024,1513,1.364103921,0.298673411,0.844097569,0.796301814,3.380819632,-0.07085467,1.335054747,5.463474957,0.022208226,3.584419636,-0.658662038,1.202268395,3.879533487,1.86510043,1.623899073,0.630959708,0.924365862,1.407188296,-0.26990308,0.198274252,-0.09768843,3.242414759,-1.108957141,-0.998748433,-0.321002605,-0.46723691,0.428348643,1.773507905,1.664753332,-0.799552634,-1.087953021,-0.135475955,0,0
2/23/2024,1077,-0.063309847,0.703859845,0.72700743,-0.959267716,1.060008754,0.124440233,-0.217437914,1.435789599,0.130139724,2.242314009,-0.459323517,1.686018404,2.452293509,1.262713949,1.247021009,0.465475577,-0.067384041,2.116072626,-0.321134817,0.270747656,-0.136251515,2.105816832,-1.108957141,-0.998748433,-0.362389086,-1.050148244,-0.473333945,1.011887392,0.756880493,-0.185908842,-1.087953021,-1.152317317,0,0
2/24/2024,580,0.181339368,-0.543520382,-0.209713682,0.231390826,0.316055442,-0.417226763,0.452956644,0.625225775,-0.388575833,1.289093436,-0.261939295,1.325487737,1.617081394,1.061918456,0.351252856,-0.444687147,-0.884119256,2.204683167,-0.34123841,-0.091619363,-0.221152501,0.173830319,-1.108957141,-0.998748433,-0.485752635,-1.815536168,-0.449741048,0.714179083,-0.351104388,1.525834368,-1.087953021,1.381168788,0,0
2/25/2024,464,-0.029868588,-0.195611611,0.024466596,0.726774308,-1.349753063,-0.081909099,1.73493922,0.322049771,-0.290309842,1.196846283,-0.436849076,0.586171687,1.331968825,1.731236768,0.247474838,-0.48605818,-0.9716266,1.052746131,-0.397225837,-0.80548239,-0.52343733,-0.489328866,-1.108957141,-0.998748433,-0.453120986,-1.785123403,-1.163494002,-0.083245993,-0.855416396,0.104764533,-1.087953021,-0.187179753,0,0
2/26/2024,688,0.070455191,-0.488364114,-0.268258751,0.983156986,-1.139505388,1.414123558,1.876074916,-0.182196329,-0.190432934,1.106407899,-0.70458807,-0.066434456,0.929456963,1.463509443,1.465501046,-0.19646095,0.000677227,1.495798837,-0.356802483,-0.689524944,-0.416883483,0.239657564,-1.108957141,-0.998748433,-0.410142718,-1.318794336,-0.90831105,0.868227109,-0.510248611,0.718408325,-1.087953021,0.571142619,0,0
2/27/2024,839,0.174299103,0.128961815,0.7855525,0.140135975,-0.080180562,0.397116136,0.405911412,1.764099365,-0.382132161,-0.803650783,-0.391900194,0.09329432,1.722740758,2.199759586,1.503735053,-0.610171279,-0.368798228,1.67301992,-0.307732422,0.002596062,-0.209218159,1.3684942,-1.108957141,-0.998748433,-0.388653583,-0.609163148,-0.402284069,1.109576384,-0.259343887,0.007873408,-1.087953021,-1.100613519,0,0
2/28/2024,837,1.24089928,1.227844396,2.249179237,1.122211999,0.647599853,-0.037691385,-0.064540909,1.729540442,0.238071222,-1.167213089,-0.033286286,1.03341226,1.739512086,3.00294156,1.54743106,0.217249379,0.788243326,2.559125332,-0.293897691,0.375834092,-0.061146797,1.478302093,-1.108957141,-0.998748433,-0.321798499,0.541453136,-0.006899644,0.692519533,-0.246460342,1.525834368,-1.087953021,1.381168788,0,0
2/29/2024,899,0.223580959,2.033974475,1.89790882,2.447580084,0.92253912,1.045642608,-0.099824833,1.892909895,0.234849386,-1.183491999,-0.117321152,3.196596259,2.148732479,1.396577612,1.771373098,-0.010291302,-0.52436684,1.938851543,-0.221265354,0.506286219,0.108344182,1.907760187,-1.108957141,-0.998748433,-0.282003806,0.728998521,0.97776486,1.397781012,0.382423498,0.104764533,-1.087953021,-0.187179753,0,0
3/1/2024,1189,0.130297445,1.65424478,0.258646874,0.744156184,4.58570054,1.480450129,0.488240568,1.641572275,0.064092091,-1.183491999,-0.107549656,1.959839163,2.157118143,2.065895924,1.323489022,-0.175775433,0.029846341,0.96413559,-0.0370905,0.067822126,0.055825303,1.837333659,-1.108957141,-0.998748433,-0.291554532,0.282944632,0.845698869,2.013531085,0.914541718,0.718408325,-1.087953021,-0.290587349,0,0
3/2/2024,1023,0.091575987,-0.386537156,0.317191944,0.739810715,0.979144264,0.212875661,2.02897192,0.076995592,-0.39824134,-1.183491999,0.139669196,0.526843856,1.732803555,-0.075922674,-0.047473212,-0.237831983,-0.611874184,0.166640719,-0.226237211,-0.080748352,0.092911173,0.004519196,-1.108957141,-0.998748433,-0.442774366,-0.65985109,0.807190921,0.965916101,0.577715797,-0.799552634,-1.087953021,0.571142619,0,0
3/3/2024,811,-0.221715814,0.659310551,-0.268258751,-0.863667395,1.100440999,1.240937512,-1.028968168,0.443006001,-0.088945107,-1.183491999,-0.17301868,0.604426404,0.466568321,0.861122962,-0.194947237,-0.672227828,-0.456305572,-0.985296316,-0.264498888,-0.954052868,-0.260337572,-0.687960421,-1.108957141,-0.998748433,-0.453120986,-0.999460302,-0.455435885,0.351934155,-0.27333968,-0.185908842,-1.087953021,-1.100613519,0,0
3/4/2024,1119,1.19337749,1.365735068,1.488093334,0.787610875,0.566735362,-0.166659717,0.053072171,1.4514982,-0.085723272,-1.183491999,-0.409488887,-0.395019367,1.913933893,0.526463806,1.176014997,-0.48605818,0.059015456,1.67301992,-0.195973737,0.321479039,0.070130964,0.390571553,-1.108957141,-0.998748433,-0.401387885,0.338701368,0.567194202,1.653496315,0.29057031,1.525834368,-1.087953021,3.104628724,0,0
3/5/2024,975,0.267582617,0.13108321,0.492827152,0.46604616,2.313408357,-0.623576095,0.523524492,0.700627061,-0.332193707,-1.183491999,-0.115366853,0.850865088,1.308488966,0.593395638,1.443653042,0.217249379,0.846581556,0.432472343,-0.241368947,0.122177178,-0.101187097,0.476520663,-1.108957141,-0.998748433,-0.40855093,0.19677513,0.063607866,1.203287091,0.411527334,0.104764533,-1.087953021,0.777957811,0,0
3/6/2024,922,0.795602507,1.221480212,0.7855525,0.726774308,0.510130219,-1.382646852,-0.029256985,0.55767879,-0.643100857,-1.183491999,-0.345974162,2.612445306,1.422533994,0.258736482,0.673510911,-0.320574049,0.20486103,1.318577755,-0.252177331,-0.142350745,-0.145775664,0.211774408,-1.108957141,-0.998748433,-0.399796097,0.176499953,-0.323098711,1.195993569,-0.00287792,-0.896443759,-1.087953021,-0.238883551,0,0
3/7/2024,946,0.69879886,0.867207256,0.7855525,0.331336617,1.884826557,-0.137181241,-0.393857534,0.984952743,-0.113108876,-1.183491999,-0.231647657,0.864556126,1.573475943,0.392600144,0.886528947,-0.610171279,0.360429642,0.343861802,-0.238126432,-0.22931883,-0.038910824,-0.192962538,-1.108957141,-0.998748433,-0.399000204,0.10046804,-0.520519741,1.143170788,0.009356814,0.6215172,-1.087953021,-0.290587349,0,0
3/8/2024,1041,1.293701269,0.099262286,2.073544029,1.36555827,1.674578882,-0.428281192,-0.723174159,2.33275073,0.075368516,-1.183491999,0.225658362,2.685464175,2.30135156,0.861122962,0.684434913,-0.010291302,0.389598757,0.432472343,-0.275523439,-0.203953139,-0.156777028,1.364757283,-1.108957141,-0.998748433,-0.403775567,0.282944632,0.255334059,1.157978848,0.109551866,0.007873408,-1.087953021,-0.290587349,0,0
3/9/2024,960,1.323622396,0.797201223,1.136822917,0.844101974,0.817415283,-0.266149574,0.123640019,1.742107323,0.009320883,-1.183491999,-0.332294067,2.019166994,2.135315417,0.459531975,0.209240832,-0.465372664,0.146522801,0.166640719,-0.264066553,-0.203953139,-0.127310477,0.414430336,-1.108957141,-0.998748433,-0.422081126,-0.335448261,0.194046761,1.503205558,0.10445406,0.718408325,-1.087953021,2.294602554,0,0
3/10/2024,744,-0.441724102,-0.961435186,-0.326803821,-1.18957758,1.124700347,-0.623576095,0.817557193,0.356608694,-0.564165881,-1.183491999,0.18070948,-0.258108988,0.595707544,0.124872819,-0.102093221,-0.692913345,-0.125722271,0.609693425,-0.320270147,-1.012031591,-0.183405772,-0.750338203,-1.108957141,-0.998748433,-0.493711573,-1.410032632,-0.639568961,0.33425289,-0.284462165,-0.799552634,-1.087953021,0.726254013,0,0
3/11/2024,962,-0.168913825,-0.433207845,0.024466596,-0.33786563,-0.444070769,0.091276948,2.064255845,0.122550535,-0.309640857,-1.183491999,-0.090938113,1.30723302,0.917717033,0.861122962,0.831908938,-0.1344044,-0.154891386,1.229967214,-0.257581523,-0.004651278,0.013297062,0.017454681,-1.108957141,-0.998748433,-0.397408416,-0.325310673,0.070116252,0.813415186,0.139489888,0.6215172,-1.087953021,-0.238883551,0,0
3/12/2024,668,0.681198197,0.135326,0.961187708,0.552955542,0.979144264,0.503975612,-0.440902766,0.584383412,-0.311251774,-1.183491999,-0.131978397,0.841737729,0.810380537,0.928054794,0.897452949,-0.258517499,-0.397967342,1.052746131,-0.261472541,-0.109737714,-0.011621222,1.058617477,-1.108957141,-0.998748433,-0.392633053,0.090330452,-0.250421739,1.396675933,0.230694265,0.81529945,-1.087953021,0.571142619,0,0
3/13/2024,738,0.73224012,-0.04499257,0.72700743,1.078757307,-0.039748317,0.157603519,0.123640019,0.680205879,-0.436903369,-1.183491999,-0.083120916,1.558235383,1.670749643,1.061918456,1.197863,-0.1344044,-0.427136457,1.761630461,-0.227750384,0.466425846,0.215520015,0.502391632,-1.108957141,-0.998748433,-0.376715175,0.217050307,0.66319289,2.507501441,0.95087517,-0.799552634,-1.087953021,1.484576385,0,0
3/14/2024,883,0.022933401,1.427255521,0.317191944,1.239539665,1.634146637,-0.601467238,0.229491792,0.802732969,0.112419627,-1.183491999,-0.077258018,1.425888682,1.23134086,1.195782118,0.678972912,-0.506743697,-0.184060501,0.25525126,-0.231209067,0.140295529,0.032967345,0.673714941,-1.108957141,-0.998748433,-0.399000204,-0.087077345,0.678650305,1.688637831,0.842152879,-0.993334884,-1.087953021,-0.187179753,0,0
3/15/2024,708,0.554473424,0.986005373,0.258646874,0.383482246,2.863286893,-0.829925427,-0.652606311,1.013228226,-0.303197185,-1.183491999,0.044885683,-0.084689173,1.040147725,1.329645781,0.542422889,-0.589485762,-0.154891386,1.141356672,-0.265579726,-0.392383988,-0.060447064,0.236783012,-1.108957141,-0.998748433,-0.415713975,-0.543268823,0.079607648,1.354240896,0.654275569,-0.185908842,-1.087953021,-1.152317317,0,0
3/16/2024,654,0.320384606,0.635975207,0.258646874,1.256921542,-0.047834766,-0.472498906,-0.170392682,0.6833476,-0.522282016,-1.183491999,0.23054411,2.019166994,0.941196892,0.057940988,-0.260491248,-0.775655411,-0.641043299,-0.453633069,-0.271848589,-0.457610052,-0.078951125,-0.616958982,-1.108957141,-0.998748433,-0.469834757,-0.9132908,-0.25448948,0.509960466,-0.236728167,-0.896443759,-1.087953021,-0.342291147,0,0
3/17/2024,523,-0.288598334,-1.292372798,-0.44389396,0.287881925,0.194758706,-0.081909099,2.840502175,0.326762351,-0.259702402,-1.183491999,0.006776849,-0.787495789,-0.620213707,-0.544445492,-0.260491248,-0.651542312,0.272922298,-0.630854152,-0.281792301,-0.707643295,-0.198333417,-0.813290896,-1.108957141,-0.998748433,-0.469038863,-1.491133339,-0.39441977,0.235016787,-0.547508936,-0.993334884,-1.087953021,-1.152317317,0,0
3/18/2024,825,0.87480549,0.608397073,0.7855525,1.352521863,0.6718592,-0.981002617,0.841079809,0.721048243,-0.427237862,-1.183491999,-0.120252601,-0.814877865,0.074119255,-0.41058183,0.580656895,-0.175775433,-0.339629113,0.343861802,-0.229912061,0.390328772,-0.014964393,0.223847527,-1.108957141,-0.998748433,-0.365572661,1.514661623,0.954171962,1.269149805,0.384740683,-0.993334884,-1.087953021,-0.342291147,0,0
3/19/2024,739,1.902684209,1.896083804,0.902642639,2.039105985,0.720377894,-0.852034284,0.558808416,3.089905309,-0.048672161,-1.183491999,-0.107549656,0.367115079,1.269914913,-0.276718168,0.722668919,-0.113718884,-0.670212414,1.052746131,-0.294762362,0.009843403,-0.089058385,2.045738691,-1.108957141,-0.998748433,-0.297921683,2.127985721,-0.103440697,1.539452152,7.054894942,0.6215172,-1.087953021,1.432872586,0,0
3/20/2024,671,1.964286529,0.481113376,1.019732778,1.235194196,0.316055442,0.264462994,-1.499420489,1.757815924,-0.241982306,-1.183491999,0.45724282,0.732209425,0.981448078,-0.678309155,0.569732893,-0.48605818,0.515998255,0.96413559,-0.401765358,-0.243813511,0.055475436,0.840726422,-1.108957141,-0.998748433,-0.432427746,1.271359501,-0.009069106,0.932321697,2.915198709,-0.799552634,-1.087953021,-0.187179753,0,0
3/21/2024,1099,3.01504611,1.134503019,1.195367986,1.130902937,2.491310236,0.51503004,2.958115255,3.842347309,-0.150159987,-1.183491999,0.842239768,1.215959433,1.266560647,-0.142854505,1.023078971,-0.279203016,-0.067384041,0.609693425,-0.130042598,0.571512282,0.142203504,2.626398229,-1.108957141,-0.998748433,-0.315431348,2.244567988,1.668467282,2.194543041,1.941703209,-0.993334884,-1.087953021,-1.152317317,0,0
3/22/2024,1238,2.393742706,-0.093784654,1.371003195,1.456813122,2.758163055,-0.026636956,4.404756143,3.251703902,-0.256480567,-1.138272806,0.489488758,0.129803755,0.510173773,0.660327469,0.356714857,-0.506743697,-0.397967342,-0.54224361,-0.323080326,-0.174963777,0.111881723,1.646463395,-1.108957141,-0.998748433,-0.410142718,2.498007698,0.941426374,1.780359396,0.748816692,-0.185908842,-1.087953021,-1.204021115,0,0
3/23/2024,925,2.523987612,1.526961084,0.902642639,1.604559072,1.545195697,-0.796762142,0.688182805,1.852067532,-0.10988704,-1.178065696,0.589158018,-0.235290591,-0.382060855,-1.481491129,-0.21133324,-0.754969894,-0.427136457,1.052746131,-0.370853381,-0.555449147,-0.020445637,0.566494145,-1.108957141,-0.998748433,-0.432427746,2.406769402,0.86468166,0.932321697,0.163959355,-0.896443759,-1.087953021,0.51943882,0,0
3/24/2024,753,1.6263538,0.780230063,0.902642639,0.748501653,1.197478388,-0.656739381,0.523524492,1.146751336,-0.412739601,-1.183491999,0.411316789,-0.37676465,-0.435729104,-0.544445492,-0.407965274,-0.796340927,-1.399440284,-1.605570105,-0.417977933,-0.888826804,-0.442268256,-0.091778301,-1.108957141,-0.998748433,-0.48893621,1.012850997,-1.333525575,0.258665479,-0.52229797,-0.993334884,-1.087953021,-0.238883551,0,0
3/25/2024,1006,1.515469623,0.623246837,1.839363751,0.426936937,0.768896588,-0.277204002,1.440906519,1.002232205,-0.572220471,-1.183491999,0.168006535,-0.618639654,-0.053342834,-1.079900142,0.121848817,-0.382630598,-0.543812916,-0.453633069,-0.367827034,-0.338028936,0.00326755,0.230746452,-1.108957141,-0.998748433,-0.425264701,2.568970817,1.544807955,1.288599198,0.439889671,-0.993334884,-1.087953021,-0.290587349,0,0
3/26/2024,987,0.987449733,1.041161641,1.371003195,0.835411036,1.124700347,-0.992057045,0.076594787,0.011019467,-0.385353997,-1.183491999,0.410339639,0.608990084,1.459430915,0.7272593,0.870142945,-0.030976818,-0.427136457,0.343861802,-0.272497092,0.850534887,0.256959782,0.550396653,-1.108957141,-0.998748433,-0.437999003,1.266290707,1.915243569,1.663663043,1.095096725,-0.993334884,-1.087953021,-0.290587349,0,0
3/27/2024,888,1.188097291,0.748409139,1.253913056,1.539377035,2.386186399,0.437649041,-0.393857534,0.482277504,-0.200098441,-1.183491999,0.833445422,0.531407535,1.551673217,0.057940988,0.673510911,-0.465372664,-0.670212414,-0.276411987,-0.180842,-0.178587447,0.177190174,0.245406668,-1.108957141,-0.998748433,-0.397408416,2.447319756,1.194439864,2.118292583,1.070719945,0.6215172,-1.087953021,-0.290587349,0,0
3/28/2024,1085,2.231816607,1.047525826,1.663728542,1.943505665,0.914452671,-0.579358381,0.158923943,1.613296793,-0.543223949,-1.183491999,0.978063565,0.389933476,0.577259083,-0.946036479,0.329404852,-0.589485762,-0.699381529,-0.985296316,-0.29951805,-0.145974416,0.05302637,0.557008123,-1.108957141,-0.998748433,-0.431631852,1.986059483,0.581024521,1.605756898,0.814532041,1.622725493,-1.087953021,0.571142619,0,0
3/29/2024,1063,2.045249579,1.172688128,1.722273612,1.548067974,1.529022799,-0.829925427,0.523524492,1.70126496,-0.304808103,-1.183491999,1.063075581,-0.878769376,0.545393561,-0.477513661,0.209240832,-0.54811473,-1.185533442,0.432472343,-0.34123841,-0.381512978,-0.008511296,0.462722812,-1.108957141,-0.998748433,-0.421285232,2.168536075,0.994307007,1.289483261,0.646026393,0.104764533,-1.087953021,-0.238883551,0,0
3/30/2024,801,1.920284872,1.179052313,2.073544029,1.387285616,1.626060188,0.264462994,0.264775716,1.657280876,-0.069614093,-1.183491999,1.316157331,-0.801186827,-0.534679937,-1.347627467,-0.555439299,-0.713598861,-0.757719758,-1.339738481,-0.338644398,-0.511965105,-0.004001903,-0.085454286,-1.108957141,-0.998748433,-0.476997802,1.742757362,-0.524587482,0.955749374,-0.211795263,-0.896443759,-1.087953021,-1.152317317,0,0
3/31/2024,629,0.853684694,1.179052313,0.961187708,0.61379211,0.008770378,0.14654909,-0.946639012,-0.311006859,-0.327360953,-1.183491999,0.930183233,-0.659712768,-1.126707801,-1.280695635,-0.549977298,-0.527429213,0.272922298,-1.516959564,-0.388146795,-1.501227066,-0.318415444,-1.917118928,-1.108957141,-0.998748433,-0.53430216,0.521177959,-1.29528881,-0.14159417,-0.593111124,-0.185908842,-1.087953021,0.51943882,0,0
4/1/2024,1062,1.122974838,0.648703576,1.546638403,1.0657209,0.421179279,-0.232986288,1.558519599,0.356608694,-0.441736122,-1.183491999,1.051349786,0.380806117,-0.42734344,0.258736482,0.263860841,-0.568800246,-0.339629113,0.343861802,-0.197703078,-0.106114043,0.177773285,0.06258515,-1.108957141,-0.998748433,-0.421285232,2.067160191,0.548753776,1.803124025,0.599033894,-0.896443759,-1.087953021,-1.100613519,0,0
4/2/2024,752,2.050529778,1.46544063,1.078277847,1.022266209,-0.314687584,-0.992057045,1.876074916,1.250428104,-0.370855736,-1.183491999,0.900868745,0.389933476,-0.127136676,-0.276718168,0.209240832,-0.403316114,0.059015456,-0.010580363,-0.388795298,-0.758374678,0.060956681,0.059710598,-1.108957141,-0.998748433,-0.436407215,2.193880046,0.634718703,1.140076567,0.129757714,-0.993334884,-1.087953021,-1.204021115,0,0
4/3/2024,903,1.540110551,0.349586889,0.902642639,0.900593073,1.60988729,-0.667793809,-1.358284793,-0.226180412,-0.280644335,-1.183491999,1.246779708,1.288978303,0.568873419,-0.142854505,0.427720869,-0.610171279,-0.368798228,-0.453633069,-0.411276735,-0.276426542,0.034600057,0.006243928,-1.108957141,-0.998748433,-0.410142718,2.082366573,1.663585993,1.632941844,0.477520745,1.428943243,-1.087953021,1.381168788,0,0
4/4/2024,909,0.498151302,0.067441362,0.609917291,0.018462839,-0.169131502,-1.198406377,0.605853649,-0.414683627,0.010931801,-1.183491999,0.50903175,-2.252436852,-0.901972011,-2.08387761,-0.205871239,-1.044567124,-0.670212414,-0.808075234,-0.383391106,-0.211200479,0.008282306,-1.21084146,-1.108957141,-0.998748433,-0.490527998,0.516109165,1.427114649,1.268707774,0.428489124,-0.702661509,-1.087953021,-1.048909721,0,0
4/5/2024,738,1.570031678,0.266852486,-0.151168612,1.326449048,1.003403611,-0.863088713,2.358288545,1.313262509,-0.357968393,-1.183491999,1.636662404,-0.522802388,0.043930866,-0.343649999,0.165544824,-0.568800246,0.029846341,-0.187801446,-0.415816256,-0.896074145,-0.008783414,0.231608818,-1.108957141,-0.998748433,-0.384674114,1.05340135,-0.339912041,1.243954002,0.173228093,0.6215172,-1.087953021,-1.204021115,0,0
4/6/2024,848,1.668595391,-0.038628386,0.72700743,0.518191789,0.364574136,-0.104017956,1.064544662,1.520616046,-0.406295929,-1.183491999,2.100808471,-0.37676465,-0.239504571,-1.012968311,-0.637369313,-0.817026443,-0.125722271,-1.96001227,-0.427921646,-0.823600741,-0.099126771,-0.353937459,-1.108957141,-0.998748433,-0.494507467,0.840511994,0.002591751,0.832864578,-0.022805706,0.81529945,-1.087953021,-1.204021115,0,0
4/7/2024,696,1.047291987,-0.163790687,1.253913056,0.183590666,-0.743269384,0.308680708,-0.876071163,-0.521502115,-0.406295929,-1.183491999,1.235053913,-0.390455688,-1.505739804,-0.611377324,-0.418889275,-0.941139542,-0.641043299,-1.871401728,-0.460346796,-1.204086111,-0.265818817,-1.704689523,-1.108957141,-0.998748433,-0.492915679,0.38938931,-0.309539575,0.225071075,-0.608219167,0.81529945,-1.087953021,-1.204021115,0,0
4/8/2024,914,1.237379148,0.254124117,1.605183473,1.135248406,0.550562464,-0.22193186,1.264486898,0.450860301,0.036706487,-1.183491999,1.44416393,-0.960915603,-0.771155656,-0.812172817,-0.260491248,-0.754969894,-0.699381529,-1.25112794,-0.391821645,-0.928687176,-0.055859922,-1.057915285,-1.108957141,-0.998748433,-0.467447076,1.337253826,0.334519417,1.307385542,-0.112990522,-0.799552634,-1.087953021,3.966358692,0,0
4/9/2024,893,0.609035479,1.340278328,1.839363751,1.361212801,-0.492589464,-1.17629752,0.95869289,0.047149249,-0.192043852,-1.183491999,1.433415284,-0.230726912,0.550424959,-0.276718168,-0.03654921,-1.230736773,-0.456305572,0.698303966,-0.401116855,-0.867084783,-0.075724576,-0.459146068,-1.108957141,-0.998748433,-0.44357026,0.830374405,0.279469322,1.124826475,0.033362844,-0.185908842,-1.087953021,-0.032068359,0,0
4/10/2024,739,0.573834153,1.934268913,1.371003195,1.048339023,-0.233823094,-0.310367288,0.888125041,-0.45081341,-0.346691968,-1.183491999,1.598553569,0.549662252,0.528622233,-0.209786337,0.520574885,-0.899768509,-0.427136457,-1.162517399,-0.299950386,-0.729385316,-0.08548197,-0.34847581,-1.108957141,-0.998748433,-0.378306963,0.627622637,-0.105881342,0.854303112,-0.126337504,-0.089017717,-1.087953021,-1.152317317,0,0
4/11/2024,763,1.415145844,1.011462112,0.609917291,-0.294410939,0.421179279,-1.17629752,1.182157742,1.618009373,-0.240371388,-1.183491999,0.959497722,-0.166835401,0.760066554,-0.142854505,-0.052935213,-0.506743697,-0.670212414,-0.985296316,-0.362422842,-0.548201807,-0.09177957,0.757076954,-1.108957141,-0.998748433,-0.392633053,0.277875837,0.156081178,1.014318566,0.022518421,-0.896443759,-1.087953021,0.51943882,0,0
4/12/2024,1000,0.547433158,0.52990546,1.253913056,1.395976554,0.696118547,-1.600050613,0.629376265,0.772886627,-0.427237862,-1.183491999,1.784211996,-0.034488701,0.287115116,0.325668313,0.6079669,-0.941139542,-0.699381529,-0.010580363,-0.41170907,-0.482975743,0.028380204,-0.224870067,-1.108957141,-0.998748433,-0.399000204,0.267738249,-0.111576179,1.081065343,5.509054901,-0.993334884,-1.087953021,-0.238883551,0,0
4/13/2024,810,1.00329033,0.186239479,0.200101805,-0.229228902,-0.69475069,-0.14823567,-0.029256985,0.248219345,-0.370855736,-1.183491999,1.794960641,-0.235290591,-0.234473173,-0.879104648,-0.309649257,-1.12730919,-0.213229615,-0.099190904,-0.417113262,-0.99753691,0.062822637,-1.17059773,-1.108957141,-0.998748433,-0.47858959,-0.953841154,-0.765940115,0.655388875,2.084441767,-0.993334884,-1.087953021,-0.290587349,0,0
4/14/2024,616,-0.512126754,-0.893550548,0.083011666,-0.994031469,0.348401238,0.124440233,-0.981922936,-0.977051551,-0.522282016,-1.183491999,1.490089962,-1.631776464,-0.03824864,-0.678309155,-0.926855362,-1.023881608,0.088184571,-0.808075234,-0.438730029,-1.454119354,-0.277636536,-1.893260145,-1.108957141,-0.998748433,-0.516792495,-1.460720574,-1.482133713,0.305299817,0.558992948,-0.993334884,-1.087953021,-1.152317317,0,0
4/15/2024,911,0.44182918,0.527784065,0.551372222,1.548067974,-0.314687584,-1.154188663,-0.205676606,-0.725713932,-0.340248296,-1.183491999,2.163346046,0.02940281,-0.133845207,-1.414559298,-0.184023235,-0.734284378,0.117353686,-0.010580363,-0.298437212,-0.772869358,-0.097960549,-1.084361165,-1.108957141,-0.998748433,-0.491323892,0.166362365,-0.546553283,0.44630791,0.800814309,-0.185908842,-1.087953021,-0.342291147,0,0
4/16/2024,821,0.755120982,1.147231388,0.844097569,1.100484653,0.801242385,-0.863088713,0.782273269,0.18538494,-0.275811581,-1.183491999,1.613210813,2.188023129,0.647698659,-0.879104648,0.673510911,-0.961825059,-0.611874184,0.609693425,-0.424895298,-0.196705798,-0.272544032,-0.036874355,-1.108957141,-0.998748433,-0.410142718,0.946956672,1.667924916,1.351588706,1.113541513,-0.089017717,-1.087953021,-0.290587349,0,0
4/17/2024,730,1.26026001,0.330494335,1.371003195,1.335139986,0.744637241,0.080222519,3.240386648,0.642505236,-0.552889456,-1.183491999,1.707994326,-0.431528802,0.114370441,-0.343649999,0.569732893,-0.754969894,-1.185533442,-0.010580363,-0.425759969,-0.468481062,0.007815817,0.751615305,-1.108957141,-0.998748433,-0.498486936,1.205465176,0.49560196,0.606765395,0.914078282,0.718408325,-1.087953021,0.571142619,0,0
4/18/2024,1014,1.45034717,0.385650603,1.722273612,0.722428838,-0.492589464,0.872456562,0.288298332,0.017302907,-0.425626944,-1.183491999,1.89951565,0.253023096,1.003250804,0.325668313,0.55334689,-0.734284378,-1.243871672,-0.276411987,-0.412357573,-0.22931883,-0.217653834,0.344003808,-1.108957141,-0.998748433,-0.456304562,1.453836092,1.434436583,0.930111539,1.097135847,-0.799552634,-1.087953021,-1.100613519,0,0
4/19/2024,1040,2.346220916,2.937688722,1.722273612,0.861483851,-0.031661868,-0.188768574,1.664371371,0.761890606,-0.285477088,-1.183491999,1.74903461,-0.422401443,0.825474732,-0.678309155,1.192401,-0.568800246,0.457660025,0.078030178,-0.263634217,-0.490223084,-0.171976793,0.443463313,-1.108957141,-0.998748433,-0.462671713,2.421975785,1.061560325,1.296113735,1.393550073,1.428943243,-1.087953021,-0.342291147,0,0
4/20/2024,841,2.187814949,1.181173708,1.253913056,0.778919937,0.041116174,-1.360537995,-0.18215399,-0.042389778,-0.311251774,-1.183491999,1.1422247,-1.316882591,-0.006383117,-1.481491129,-0.626445311,-1.396220904,0.175691915,-0.453633069,-0.410628232,-0.707643295,-0.275265217,-0.802367597,-1.108957141,-0.998748433,-0.539873417,1.240946736,0.316892539,0.726113937,0.666046866,-0.702661509,-1.087953021,-0.290587349,0,0
4/21/2024,751,0.792082374,1.066618381,1.253913056,0.983156986,-1.37401241,-0.689902666,0.746989345,-0.661308666,-0.67854105,-1.183491999,1.24287111,-0.04361606,-0.269692961,-1.816150285,-0.626445311,-1.313478838,-1.098026098,-1.96001227,-0.425976137,-1.233075472,-0.289454256,-1.406885918,-1.108957141,-0.998748433,-0.54862825,0.166362365,-0.810956448,0.282977219,0.055793188,-0.185908842,-1.087953021,-0.290587349,0,0
4/22/2024,921,0.496391236,2.869804083,1.605183473,0.574682888,-0.735182935,-0.645684952,-0.288005762,-0.32985718,-0.359579311,-1.183491999,1.238962511,-0.563875502,1.135744292,-0.142854505,0.973920962,-0.858397476,0.214584068,-0.808075234,-0.334104877,-0.015522289,0.067720771,-0.174852859,-1.108957141,-0.998748433,-0.475406014,1.311909855,0.439195952,1.465190837,0.790618698,-0.089017717,-1.087953021,-0.290587349,0,0
4/23/2024,669,0.612555611,0.220181798,0.258646874,0.196627073,-0.233823094,0.091276948,1.041022046,-0.047102358,-0.55772221,-1.183491999,1.211602322,-1.444665612,-0.20260765,-0.276718168,0.411334866,-0.692913345,-1.068856983,0.166640719,-0.420788113,-0.515588775,-0.149896317,0.087306299,-1.108957141,-0.998748433,-0.487344422,1.276428295,0.057099481,1.06537322,0.147090253,-0.089017717,-1.087953021,-1.152317317,0,0
4/24/2024,538,1.420426043,1.327549959,2.073544029,1.895705504,-0.791788078,-0.417226763,0.335343564,0.098987633,-0.183989262,-1.183491999,1.550673238,0.284968852,1.838462919,0.526463806,0.919300953,-0.899768509,-0.028491888,0.432472343,-0.411276735,-0.921439836,-0.26336975,0.998539336,-1.108957141,-0.998748433,-0.435611321,1.651519066,0.653159128,0.994206126,0.487067545,0.718408325,-1.087953021,1.381168788,0,0
4/25/2024,904,0.723439788,1.29785043,1.136822917,3.190655306,0.75272369,-0.450390049,0.817557193,1.055641449,-0.377299407,-1.183491999,1.49399856,-1.093262304,0.679564182,-0.41058183,0.837370939,-0.858397476,-0.125722271,-0.808075234,-0.271848589,0.71645909,0.179678115,1.271621792,-1.108957141,-0.998748433,-0.463467606,0.723929727,1.382098315,0.927238333,2.973869818,0.007873408,-1.087953021,1.536280183,0,0
4/26/2024,961,1.068412783,0.124719025,0.961187708,1.039648085,0.744637241,-0.081909099,-0.582038463,0.226227304,-0.446568876,-1.183491999,2.215134975,-0.258108988,0.92777983,-0.745240986,0.569732893,-0.941139542,-0.641043299,-0.54224361,-0.414303082,-0.120608724,0.045290428,1.025560127,-1.108957141,-0.998748433,-0.460284031,0.647897814,1.31511618,0.759045294,1.544445119,-0.089017717,-1.087953021,1.536280183,0,0
4/27/2024,782,0.769201512,0.691131475,0.902642639,0.11406316,0.316055442,0.124440233,-0.758458083,0.348754393,-0.572220471,-1.183491999,2.205363479,0.435570269,0.139527433,-0.879104648,-0.282339252,-1.272107805,-1.428609399,-0.453633069,-0.455591107,-0.903321485,-0.104335897,-0.50830091,-1.108957141,-0.998748433,-0.512017132,-0.396273791,-0.671026158,0.391717003,0.454997713,-0.896443759,-1.087953021,-0.187179753,0,0
4/28/2024,624,1.254979811,0.092898101,0.961187708,-0.072792013,-0.541108158,-0.232986288,-0.464425382,-0.604757702,-0.546445784,-1.183491999,1.16763059,0.047657527,0.038899467,-0.678309155,-0.637369313,-1.168680223,-0.30073696,-1.162517399,-0.433758173,-0.925063506,-0.279891233,-1.306564048,-1.108957141,-0.998748433,-0.54862825,-0.85246527,-0.233879592,-0.058934253,0.126606343,-0.993334884,-1.087953021,-0.290587349,0,0
4/29/2024,950,0.262302418,0.160782739,0.668462361,0.674628678,0.170499359,-0.623576095,-1.605272261,-1.036744236,-0.340248296,-1.183491999,1.92394439,-0.007106625,0.542039295,-0.343649999,0.313018849,-0.83771196,-0.884119256,0.343861802,-0.197919246,-0.019145959,0.04245262,-0.81300344,-1.108957141,-0.998748433,-0.469038863,-0.000907844,0.585905811,0.892096818,0.630547601,4.658647412,-1.087953021,2.294602554,0,0
4/30/2024,986,1.103614109,2.182472121,1.89790882,1.634977356,1.278342879,-1.014165902,0.605853649,-0.406829326,0.006099047,-1.183491999,1.785189145,1.247905189,2.111835558,1.128850287,1.509197054,-0.630856795,0.000677227,1.141356672,-0.346642602,0.495415208,0.247046892,0.354639651,-1.108957141,-0.998748433,-0.38785769,0.54652193,2.870349156,1.829866939,1.794886407,-0.315097009,-1.087953021,-0.135475955,0,0
5/1/2024,803,0.867765225,1.773042897,1.546638403,0.978811517,0.590994709,-0.483553334,1.182157742,0.223085583,-0.39824134,-1.183491999,1.609302215,-0.769241072,1.118972965,-0.678309155,1.323489022,-0.692913345,-1.098026098,0.25525126,-0.226453378,0.238134625,0.090967469,0.450649693,-1.108957141,-0.998748433,-0.415713975,1.190258794,2.652047055,1.165493386,1.665124082,-0.993334884,-1.087953021,0.571142619,0,0
5/2/2024,868,0.473510374,0.680524501,0.668462361,0.018462839,0.696118547,-1.003111474,0.335343564,0.014161187,-0.290309842,-1.183491999,1.787143445,-0.458910878,0.68459558,-0.075922674,0.853756942,-1.147994707,-1.000795715,-0.54224361,-0.352695297,-0.178587447,0.075106846,0.079832463,-1.108957141,-0.998748433,-0.424468807,0.779686463,2.224120702,1.361313402,1.645288984,-0.993334884,-1.087953021,-0.238883551,0,0
5/3/2024,851,1.17929696,0.935091894,1.89790882,1.543722504,0.518216668,-1.220515234,-0.946639012,0.17753064,-0.432070615,-1.183491999,2.445742284,-0.960915603,0.31394924,0.057940988,0.154620822,-0.941139542,-0.728550643,-0.187801446,-0.389227633,-0.363394627,0.028108086,-0.251603402,-1.108957141,-0.998748433,-0.42924417,0.870924759,1.548875696,1.169250655,1.361665616,-0.993334884,-1.087953021,-0.290587349,0,0
5/4/2024,710,0.521032164,0.635975207,0.434282083,0.652901332,0.291796094,-0.494607763,0.382388796,-0.623608024,-0.491674577,-1.183491999,2.033385147,-1.257554759,-0.061728498,-1.012968311,-0.424351276,-1.18936574,-0.456305572,-1.96001227,-0.433758173,-0.80185872,-0.038833076,-1.579646504,-1.108957141,-0.998748433,-0.519976071,-0.528062441,0.655599773,0.169596104,0.328757508,-0.185908842,-1.087953021,-0.290587349,0,0
5/5/2024,556,-0.492766024,-0.019535831,-0.560984099,-0.672466753,-0.743269384,-0.634630524,-1.205387788,-1.390187764,-0.335415543,-1.183491999,1.535038844,-0.942660886,-0.353549599,-1.213763804,-0.293263254,-1.085938157,-1.156364327,-0.896685775,-0.462508473,-1.135236377,-0.209840145,-2.151682385,-1.108957141,-0.998748433,-0.551015931,-1.116042568,-0.168524553,-0.096285927,-0.351845887,-0.089017717,-1.087953021,-0.290587349,0,0
5/6/2024,747,0.452389578,-0.906278918,0.72700743,0.270500049,0.75272369,-0.277204002,0.641137573,-0.763414575,-0.839632838,-1.183491999,1.750988909,-0.102943891,0.245186797,-1.682286622,0.252936839,-1.065252641,-0.514643802,-1.073906858,-0.316162961,-0.790987709,-0.114909647,-1.008760443,-1.108957141,-0.998748433,-0.529526797,-0.168178052,0.625769672,0.322318035,0.442855667,-0.089017717,-1.087953021,0.571142619,0,0
5/7/2024,644,0.887125954,1.694551284,0.609917291,0.726774308,0.138153562,-0.43933562,0.594092341,-0.717859631,-0.419183272,-1.183491999,2.516097056,1.476089155,1.746220617,0.124872819,1.197863,-0.879082993,-0.670212414,0.875525049,-0.392037813,-0.555449147,-0.174697978,0.320145025,-1.108957141,-0.998748433,-0.386265902,0.718860933,0.337231244,0.435478135,0.618127493,-0.896443759,-1.087953021,-0.238883551,0,0
5/8/2024,671,0.704079059,0.474749191,0.961187708,0.439973345,0.2432774,-1.555832899,0.264775716,-0.683300708,-0.643100857,-1.183491999,2.628469262,0.170876869,0.282083717,-0.544445492,0.711744917,-1.47896297,0.272922298,-0.808075234,-0.435487514,-0.80910606,-0.15145128,-0.414303055,-1.108957141,-0.998748433,-0.451529199,-0.026251815,-0.130558971,0.658262081,0.376491506,0.6215172,-1.087953021,0.571142619,0,0
5/9/2024,676,0.721679722,2.195200491,1.429548264,0.509500851,1.076181652,-0.88519757,0.817557193,0.028298928,-0.354746557,-1.183491999,1.971824722,-0.57756654,0.798640607,-0.745240986,0.575194894,-1.106623674,0.875750671,0.166640719,-0.408466555,-0.486599413,-0.173143015,-0.497952523,-1.108957141,-0.998748433,-0.350450678,0.217050307,0.615464729,0.684120932,0.573544866,0.007873408,-1.087953021,-0.238883551,0,0
5/10/2024,842,0.990969866,1.560903403,0.844097569,0.848447443,-0.241909543,-1.025220331,0.006026939,0.662926418,0.006099047,-1.183491999,2.576680332,-0.303745781,-0.03824864,-1.414559298,-0.167637233,-1.251422289,-0.767442796,0.078030178,-0.416680927,-0.352523616,-0.162880259,-0.416315241,-1.108957141,-0.998748433,-0.352042466,0.262669455,1.760127046,0.66201935,0.570671557,-0.896443759,-1.087953021,-1.152317317,0,0
5/11/2024,743,0.670637799,0.986005373,2.073544029,1.104830122,-0.007402521,-0.483553334,0.194207867,-0.95977209,-0.076057764,-1.183491999,3.000763265,-1.745868447,-0.903649144,-2.351604934,-0.588211304,-1.003196092,0.000677227,-1.605570105,-0.44888991,-0.642417231,-0.366269434,-0.730216338,-1.108957141,-0.998748433,-0.431631852,-0.512856058,0.632820423,0.068149843,0.124474533,0.6215172,-1.087953021,-0.342291147,0,0
5/12/2024,564,0.892406153,-0.000443277,0.7855525,1.56544985,-0.363206279,-0.818870999,-0.064540909,-1.201684549,-0.493285495,-1.183491999,2.015796454,-1.125208059,-1.455425822,-1.950013947,-0.413427275,-1.065252641,-1.098026098,-1.428349022,-0.455591107,-1.225828132,-0.582603677,-1.724811388,-1.108957141,-0.998748433,-0.465855288,-0.695332649,-0.143846925,-0.527708806,-0.570495405,-0.799552634,-1.087953021,-1.152317317,0,0
5/13/2024,733,1.232098949,1.002976532,1.312458125,2.052142393,0.396919932,-0.656739381,-0.099824833,0.56082051,-0.622158925,-1.183491999,2.38125041,-0.002542946,-0.127136676,-0.812172817,0.165544824,-1.210051256,0.214584068,-0.010580363,-0.278765954,-0.073501012,-0.215826752,-0.265688707,-1.108957141,-0.998748433,-0.368756237,0.754342492,1.223998782,0.868006093,0.117152231,-0.993334884,-1.087953021,-0.342291147,0,0
5/14/2024,749,1.797080231,1.384827622,1.078277847,1.017920739,1.504763452,-0.461444477,0.488240568,-0.169629448,-0.470732644,-1.183491999,2.195591983,0.120676396,0.206612743,0.660327469,1.514659055,-0.941139542,-0.096553156,1.052746131,-0.37928392,-0.406878669,-0.177535786,-0.148694434,-1.108957141,-0.998748433,-0.35920551,0.718860933,1.023865925,0.805458616,0.18110652,-0.993334884,-1.087953021,-1.152317317,0,0
5/15/2024,722,0.496391236,1.403920177,1.429548264,1.430740307,0.210931604,-0.634630524,1.73493922,-0.086373861,-0.491674577,-1.183491999,1.702131428,0.577044328,1.023376397,-1.079900142,0.476878877,-0.899768509,0.331260528,-0.099190904,-0.41451925,-0.22207149,-0.310718376,0.798470505,-1.108957141,-0.998748433,-0.355226041,0.54652193,0.830512636,0.986912604,-0.023825267,0.6215172,-1.087953021,-1.204021115,0,0
5/16/2024,839,0.992729932,1.085710935,0.902642639,0.300918333,1.051922305,-1.014165902,0.405911412,0.408447078,-0.415961436,-1.183491999,2.574726033,1.772728311,1.789826069,-0.343649999,1.569279064,-0.817026443,0.632674714,0.521082884,-0.422949789,-0.689524944,-0.262397898,0.338254703,-1.108957141,-0.998748433,-0.369552131,0.445146046,0.874173056,1.106040131,0.308829722,-0.799552634,-1.087953021,-0.342291147,0,0
5/17/2024,881,1.027931258,0.536269644,0.961187708,0.592064764,1.981863946,-0.852034284,0.817557193,1.054070589,-0.647933611,-1.183491999,2.588406128,0.198258944,0.528622233,-0.678309155,0.662586909,-0.734284378,0.904919785,0.786914508,-0.429218652,-0.087995693,-0.064645464,0.305197353,-1.108957141,-0.998748433,-0.399000204,0.125812011,1.202846529,0.990227841,0.275184205,-0.993334884,-1.087953021,-1.152317317,0,0
5/18/2024,800,0.494631169,-0.23803951,0.375737013,-0.333520161,-0.751355833,0.080222519,-0.288005762,-0.131928805,-0.153381823,-1.183491999,2.503394111,-0.463474557,-1.309515272,-0.946036479,-0.429813277,-0.941139542,-0.52436684,-0.099190904,-0.430515658,-0.464857392,-0.381469198,-0.74688874,-1.108957141,-0.998748433,-0.40855093,-0.517924852,0.761361039,0.267727128,-0.202063089,-0.185908842,-1.087953021,-1.204021115,0,0
5/19/2024,625,1.487308562,0.353829679,0.551372222,-0.450847827,1.537109248,-0.601467238,-1.01720686,-0.518360395,-0.493285495,-1.183491999,1.615165113,-0.290054743,-0.79798978,-1.883082116,-0.462585283,-1.065252641,-0.213229615,-1.162517399,-0.442837215,-0.99028957,-0.333148719,-1.060502382,-1.108957141,-0.998748433,-0.477793696,-0.522993647,0.557431624,-0.109988907,-0.383359595,-0.896443759,-1.087953021,0.51943882,0,0
5/20/2024,825,0.778001844,0.816293777,1.663728542,-0.124937642,2.054641988,0.275517423,0.676421497,-0.585907381,-0.461067137,-1.183491999,1.876064059,0.992339147,1.00660507,-0.477513661,0.504188882,-0.672227828,0.574336484,1.229967214,-0.271632421,-0.055382661,-0.119146921,-0.141508054,-1.108957141,-0.998748433,-0.386265902,0.308288603,1.319726287,0.645001132,-0.039211371,-0.185908842,-1.087953021,1.484576385,0,0
5/21/2024,757,0.633676407,0.31140178,0.551372222,0.131445036,0.461611524,-0.774653285,0.006026939,-0.315719439,-0.531947524,-1.183491999,2.579611781,0.116112717,0.709752571,-1.146831973,1.050388975,-0.651542312,0.661843829,1.229967214,-0.339941404,-0.03726431,-0.124045055,0.079257553,-1.108957141,-0.998748433,-0.326573862,0.156224777,2.586420834,0.65141059,0.145236505,-0.089017717,-1.087953021,-0.187179753,0,0
5/22/2024,758,0.980409468,1.764557317,0.609917291,0.809338221,1.278342879,-0.656739381,1.370338671,-0.086373861,-0.340248296,1.122686808,2.463330977,1.476089155,0.272020921,-0.276718168,0.411334866,-0.651542312,-0.067384041,0.343861802,-0.389227633,-0.588062179,-0.261153927,0.063447516,-1.108957141,-0.998748433,-0.375123388,-0.005976638,1.032543772,0.044059119,-0.259529262,-0.089017717,-1.087953021,-0.290587349,0,0
