Date,A_OC_GOOGLE_SHOPPING,C_DIV_BUY_CONNECTEDl21_0p0_0d0_06,C_DIV_BUY_ESSENTIALSl21_0p0_0d0_12,C_DIV_BUY_PREMIUMl21_0p0_0d0_06,C_DIV_BUY_SSl21_0p0_0d0_06,C_DIV_CONN_DATAl21_0p0_0d0_12,C_DIV_CONN_REMOTEl21_0p0_0d0_12,C_DIV_CONN_TRYl21_0p0_0d0_12,C_DIV_GETNOW_CONNl21_0p0_0d0_12,C_DIV_GETNOW_ESSl21_0p0_0d0_12,C_DIV_GETNOW_PREMl21_0p0_0d0_12,C_DIV_GETNOW_SSl21_0p0_0d0_12,C_PP_PKG_APP_ACCESSl21_0p0_0d0_06,C_PP_PKG_CONNECTEDl21_0p0_0d0_12,C_PP_PKG_ESSl21_0p0_0d0_12,C_PP_PKG_PREMl21_0p0_0d0_0,C_PP_PKG_REMOTEl21_0p0_0d0_0,C_PP_PKG_SCl21_0p0_0d0_06,C_PP_PKG_SSl21_0p0_0d0_06,DIV_GMOC_SHOP_ESSl21_0p0_0d0_0,DIV_GMOC_SHOP_SSl21_0p0_0d0_0,DIV_PKG_CONN_SERVICESl21_0p0_0d0_12,DIV_PKG_SS_ROADSIDEl21_0p0_0d0_12,DIV_PLANPAGE_ESSl21_0p0_0d0_0,DIV_PLANPAGE_HOMEl21_0p0_0d0_0,DIV_WYG_PPl21_0p0_0d0_0,OC_APP_Accessl21_0p0_0d0_12,OC_PAGE_PREFPLl21_0p0_0d0_12,OC_PAGE_PREMl21_0p0_0d0_12,SC_BUYNOWl21_0p0_0d0_06,SC_HOMEPAGEl21_0p0_0d0_12,SC_SHOPNOWl21_0p0_0d0_12,Is_Holiday,Is_NYE
10/13/2023,729,-1.262234394,-0.546379433,-1.168507664,-0.332886989,-0.702837139,-0.096495893,-0.711412851,0.298486869,-0.161436412,0.534837308,-0.076280869,0.001917362,-1.262555554,-0.765829806,-1.363815437,-0.030976818,3.27817731,0.473086767,-0.516334222,-0.26501305,-0.343014161,0.6510656,-0.366368555,-0.563544,0.437397072,-1.00146124,-1.425254048,-0.631020261,-0.944008059,0.751124327,-0.409426914,0,0
10/14/2023,936,-1.09271541,-1.724087104,-0.93340588,-0.767618009,0.801242385,-0.57478452,-0.135108757,0.188526661,-0.166269166,0.741036825,0.138692046,0.586966737,-0.355226731,-0.553461849,-1.363815437,-0.465372664,5.315879055,-0.055251009,-0.540112666,-0.465947124,-0.218258597,0.459275237,-0.402979673,-0.806846122,-0.218418449,-0.575875459,-1.261923358,-0.681998317,-0.944008059,0.665300718,0.553890256,0,0
10/15/2023,787,-1.54783703,-2.10161012,-1.818955932,-1.477153093,-1.074813795,-1.374311775,0.488240568,-0.986476712,-0.301586267,0.560160056,0.45919712,-0.204707219,-1.715381399,-0.75583602,-1.369277438,-0.506743697,4.169358909,-0.706176962,-0.580968355,-0.417722946,-1.005598436,0.801716641,-0.476201908,-1.830742551,-0.69052661,-0.702400962,-1.453102042,-1.21050173,-0.944008059,0.628519171,-1.063106422,0,0
10/16/2023,1030,-1.160891523,-1.613292305,-0.97706764,-0.616701023,-0.913084814,-0.567645883,-1.499420489,-0.804256938,-0.638268103,0.26713969,0.546163435,-0.253461334,-0.796312647,-0.528477383,-1.402049443,-0.1344044,2.091604058,0.638839794,-0.504661168,-0.194686124,-0.286098028,1.529477055,-0.39820431,-0.791639739,0.228010188,0.670557592,-0.762869638,-0.190291792,0.676779674,0.730690135,-1.26953153,0,0
10/17/2023,950,-1.274211278,-1.449151864,-0.979306705,-1.463638139,-0.662404894,-0.817498151,-1.452375257,-0.334569761,1.215898373,0.370239448,0.258881449,-0.137380109,-0.875137887,0.375960272,-1.314657428,-0.030976818,3.4734362,-0.141580711,-0.530168953,-0.196695465,2.929376028,0.814464037,0.171655696,-0.446961734,0.741600656,0.130994291,-1.053063409,-0.447962695,-0.846760795,0.129924867,-1.26953153,0,0
10/18/2023,991,-0.361204142,-0.308375793,-0.814735456,-0.278827173,-0.031661868,0.031999558,-0.24096053,-0.400545886,-0.047061243,0.657833511,0.541277687,-0.24649646,-0.355226731,-0.081255449,-1.489441458,-0.237831983,2.812559958,-0.366037936,-0.494717455,-0.106275131,0.623122823,1.877712731,-0.290758638,-0.107352522,0.362333849,0.177003565,-0.871609421,0.091848577,1.48717354,0.567216592,-1.26953153,0,0
10/19/2023,1026,-0.858705508,-0.891074361,-0.860636281,-0.880242625,-0.161045052,-0.396318614,1.958404072,0.527832447,-0.266146074,0.735610522,-0.202333169,1.255594594,-0.289818554,-0.585941654,-1.320119429,-0.175775433,0.013849208,0.400569817,-0.518063564,-0.250947665,0.732643261,1.017263516,-0.365572661,-0.315173084,-0.074218048,-0.068727783,-1.126219645,-0.081106064,0.012256703,1.241544954,0.450677703,0,0
10/20/2023,996,-1.168261914,-1.182423646,-0.248252111,-1.258661337,0.825501732,-0.282100435,0.441195336,-0.380124704,-0.593162403,0.514940864,-0.418283233,-1.207649006,-0.164033597,-1.013176016,-1.341967433,-0.506743697,0.098962057,-0.588768567,-0.53881566,-0.331321295,-0.75350021,0.709008308,-0.434019534,-0.553406412,-0.038661785,-0.83206346,-1.060577946,-0.277139863,-0.895384427,1.92813383,-0.203001806,0,0
10/21/2023,872,-1.184845292,-1.822571369,-0.883026927,-1.053684535,-0.468330116,-1.331479958,1.111589894,-0.109936763,0.052815666,0.035617425,-0.481797958,-1.012632547,-0.819792506,-0.99568689,-1.462131454,-0.568800246,-1.137677576,-1.082574462,-0.556109073,-0.250947665,-1.6207526,0.295297373,-0.453120986,-1.334000719,-1.251525429,-0.880686897,-1.225455748,-0.869504877,-0.944008059,-0.041722352,-0.30621436,0,0
10/22/2023,781,-1.645494705,-2.10161012,-1.427119626,-1.603292664,-0.638145547,-0.567645883,-0.252721838,-1.201684549,-0.267756992,-0.018645605,-0.365517154,-1.339981602,-1.613076301,-1.175575043,-1.478517456,-0.610171279,-1.463109059,-1.194803075,-0.561729433,-0.403657561,-2.256028629,-0.128263824,-0.490527998,-1.440445397,-1.587334581,-1.163539364,-1.35165578,-1.176856213,-0.944008059,0.019580226,-1.166318976,0,0
10/23/2023,865,-1.074289433,-1.715880082,-1.177463922,-0.060335416,-0.233823094,-0.10363453,-1.899304962,-1.102720361,-0.316084528,0.071792779,-0.35085991,1.076829507,-0.440760502,-1.135599898,-1.412973445,-0.030976818,2.276849671,-0.164026434,-0.48131506,-0.323283932,-1.251660101,0.565310392,-0.416509869,-0.375998615,-0.074218048,0.2528143,-1.325575914,-0.864870508,-0.944008059,1.078071411,-0.409426914,0,0
10/24/2023,1095,-1.545073133,-1.153699068,-1.216647553,-0.641478438,-0.387465626,-0.596200428,-0.605561079,1.124759294,3.026570066,0.851371654,-0.35085991,-0.634207753,-0.415603511,0.121118723,-1.38566344,-0.258517499,0.249161203,-0.015539346,0.539861008,-0.351414702,2.879646276,0.422191903,0.250449188,-0.472305705,-0.224344493,-0.514181206,-1.221477463,-0.724356447,-0.944008059,1.098505604,1.413994873,0,0
10/25/2023,1025,-0.608112228,-0.066268641,-0.716216613,-0.569398684,-0.613886199,-0.660448154,-0.723174159,-0.810540378,0.286398758,0.400988499,-0.302002429,-0.049158378,-0.6403393,-0.978197764,-1.38566344,-0.403316114,1.61597343,-1.305305093,0.364549028,-0.413704265,0.032689808,0.568207528,-0.289962744,-0.472305705,-0.425829984,-0.614042243,-1.198491818,-0.976558795,0.676779674,1.597099908,1.620419981,0,0
10/26/2023,1986,-1.010719814,-1.071628847,-1.077825547,-0.900515056,-0.233823094,-0.838914059,-1.346523485,-0.878087364,-0.211374866,0.426311247,-0.369425753,-0.819937713,-0.581639654,-0.316109425,-1.303733426,0.320676962,0.704765279,-0.001726594,1.775043068,-0.033938865,0.265815989,1.197465338,-0.168190984,0.085261658,0.016647957,0.472404015,-0.407034169,0.138748389,-0.846760795,1.249718631,0.760315364,0,0
10/27/2023,1342,-0.946228897,-0.591518055,-0.485592959,-0.808162871,-0.589626852,0.210465464,0.347104872,-0.736709952,0.056037501,0.57282143,-0.329362619,-0.752610603,-0.152293667,0.031174647,-1.298271426,0.134507313,1.395681349,0.599128131,0.271164595,-0.279078435,0.011130666,0.792445808,-0.147497743,-0.335448261,0.818639227,1.190776084,-0.710046857,-0.117532203,-0.133614193,0.587650785,-1.063106422,0,0
10/28/2023,1099,-1.124960869,-1.338357065,-1.008414545,-1.25190386,-1.446790452,-0.553368611,-0.323289686,-1.154558745,0.170412671,0.40822357,-0.372357202,0.299085298,-1.359829254,0.186078333,-1.358353436,-0.444687147,1.190409184,-0.405749599,-0.142580323,-0.363470746,-1.616728227,0.1846268,-0.43322364,-1.293450365,-0.338914674,0.124197467,-1.349003591,-0.656045852,-0.895384427,0.309745764,0.450677703,0,0
10/29/2023,933,-0.95175669,-1.334253554,-1.265906974,-1.278933768,-1.139505388,0.053415467,-0.135108757,-1.284940136,-0.464288973,0.386518358,-0.378220099,-0.102555741,-1.175344651,-1.23553776,-1.320119429,0.672330741,0.67472545,-1.503863408,-0.220616851,-0.419732287,-1.836056557,0.466228362,-0.458692243,-1.045079449,-0.346816066,-0.247536551,-1.585711533,-0.860977638,-0.133614193,0.183053769,-0.203001806,0,0
10/30/2023,1123,-0.848571221,-0.603828588,-0.383715519,-0.490561452,-0.484503015,-0.039386804,-0.393857534,-1.137279284,-0.783250712,0.793491088,-0.42707758,-1.407308713,-0.380383723,0.965593661,-1.423897447,1.396323817,0.89501753,0.678551457,-0.181706671,-0.267022391,-1.041817793,0.522432788,-0.378306963,-0.335448261,0.472953335,1.057453757,-1.373536347,-0.60738498,-0.895384427,-0.033548675,-1.166318976,0,0
10/31/2023,1525,-0.889108369,-0.620242632,-0.721814275,-0.668508346,-0.816047426,1.009992719,0.158923943,-1.118428963,0.114030545,0.751889431,-0.701656621,-1.135678646,-0.164033597,0.126115616,-1.38020144,2.099631377,0.910037445,-0.309060333,-0.219319845,-0.180620739,-0.543657902,0.697999194,-0.253351627,-0.031320609,0.640857911,2.184680962,-1.041791602,-0.025679014,-0.944008059,0.861468968,-1.26953153,0,0
11/1/2023,1404,-0.615482618,-0.324789837,-1.025207529,-0.006275601,-0.460243667,1.495419982,-0.064540909,0.373888155,0.104365038,0.921913594,-0.465186415,0.742515579,0.899268573,2.114879079,-1.128949397,2.409914123,0.409373625,0.832218327,-0.211105474,-0.279078435,0.517914214,0.950629401,-0.320206711,0.313357397,1.723348589,2.287678995,-1.038476364,0.144495006,1.48717354,0.563129754,-0.409426914,0,0
11/2/2023,2576,-0.644964181,1.250958405,-0.258327902,0.597392344,-0.411724973,1.002854083,-0.393857534,0.199522681,0.210685618,0.762742037,-0.286368036,2.363009483,0.689626978,1.994953644,-1.183569406,1.913461729,0.379333796,0.473086767,3.777404184,-0.116321835,1.221604585,0.833585131,0.322875529,1.124364469,2.21521023,2.155402333,-0.58937222,0.866066221,-0.798137163,0.820600583,0.553890256,1,0
11/3/2023,2262,-0.555598195,0.820089745,-1.274863233,-0.04456797,-1.018208652,-0.489120885,0.452956644,-0.157062567,-0.137272644,0.469721671,-0.586352967,-1.144965144,-0.482688821,0.263530177,-1.336505432,0.382733511,2.632320983,-0.416109163,2.562758053,-0.174592717,0.601563682,0.555460132,0.727985505,0.424870869,0.630981171,1.35546837,-1.13174504,0.448324222,0.676779674,0.346527311,0.65710281,0,0
11/4/2023,1186,-0.780395108,-0.484826768,-1.002816883,-1.211358998,-1.697470372,-0.660448154,-1.205387788,-0.351849222,-0.301586267,0.97979416,-0.282459437,-0.20006397,0.01038821,-0.251149815,-1.456669453,-0.093033368,1.515840666,-0.381577283,0.064724472,-0.419732287,-0.983176929,0.379314299,0.489217347,-0.801777328,0.354432457,0.228763998,-1.324912866,-0.638527938,-0.036366929,0.591737624,2.377312043,0,0
11/5/2023,855,-1.162734121,-1.350667598,-0.982665302,-1.616807618,-0.35511983,-0.481982249,0.347104872,-1.195401109,-0.235538634,0.864033028,-0.461277816,-0.24649646,-0.417280643,-0.663393497,-1.456669453,-0.093033368,2.191736822,-0.290067799,-0.165710263,-0.522208665,-1.249647915,0.275017425,0.468524106,-1.00959789,0.297147367,-0.927741836,-1.709701408,-1.062943429,0.725403305,1.343715917,1.723632535,0,0
11/6/2023,1049,-0.908455645,-1.334253554,-1.150595147,-1.073956966,-0.791788078,-0.995964056,-1.205387788,-1.058736278,-0.346691968,0.028382355,-0.536518337,0.559107243,-0.771155656,-0.520982043,-1.352891435,0.051765248,0.734805108,1.614365426,-0.187975533,-0.518189983,-0.915050042,0.612243986,0.633274136,-0.614231942,0.69024161,0.059366217,-1.571787537,-1.126897717,-0.846760795,0.918684708,-0.099789252,0,0
11/7/2023,1029,-0.200898147,-0.398653036,-0.768834632,-0.026548032,0.348401238,-0.346348161,-0.24096053,-0.205759231,-0.159825494,0.654215976,-0.640096196,-0.785113346,-0.638662168,-0.935724173,-1.391125441,0.072450764,-0.356642018,-0.343592214,-0.191434216,-0.281087776,-0.083154645,0.509105966,0.634865923,-0.122558905,0.318876194,-0.604631255,-1.185230868,-0.90083321,-0.944008059,0.244356347,-1.166318976,0,0
11/8/2023,3235,-0.666154054,-0.287858238,-0.577394608,-0.303604588,-0.719010037,0.453179095,-0.099824833,-0.774410595,0.186521849,0.062748941,-0.383105847,0.059957974,-0.199253385,1.197949191,-1.281885423,0.672330741,0.584605962,0.136400929,4.38613234,-0.068097657,0.902816749,0.390323414,0.751066427,0.566797107,1.456676616,0.763621804,-0.826522194,-0.136440427,-0.944008059,-0.033548675,-0.409426914,1,0
11/9/2023,1912,-0.696556915,-1.313735999,-0.735248663,-1.337498569,-1.066727346,-0.710418608,-0.393857534,-0.658166946,-0.137272644,0.704861471,-0.521861092,0.231758188,-0.694007549,0.086140471,-1.287347424,0.548217643,-0.857305837,-0.172659404,1.542446656,-0.349405361,0.722294873,0.638897632,0.552888856,-0.087077345,0.879875013,-0.263221531,-1.103676031,-0.381691222,2.297567406,0.963639932,-0.30621436,0,0
11/10/2023,3478,-0.097712678,0.820089745,-0.689347838,-0.835192779,-0.484503015,0.210465464,-0.135108757,0.268640527,1.389877504,0.701243936,-0.884383599,0.935210412,-0.298204217,1.607694427,-1.238189415,0.50684661,-0.446761506,0.669918487,5.10942936,0.020313335,1.2555243,1.090271328,4.400239786,1.377804179,2.339657151,0.272159108,-0.588930188,-0.208551205,0.871274201,1.290587016,0.553890256,0,0
11/11/2023,2038,-1.167340615,-0.550482944,-1.245755393,-1.139279244,0.194758706,0.338960915,0.488240568,-1.036744236,0.128528806,0.10254183,-0.827708921,0.860918428,-0.829855302,-0.251149815,-1.473055455,0.258620412,-0.416721676,-1.350196538,1.554768213,-0.228844917,-0.465757538,0.57574008,1.363904701,-0.284760319,0.026524697,-1.136352066,-1.290655414,-0.435542587,0.774026937,0.497740337,0.65710281,0,0
11/12/2023,1209,-1.463998837,-0.952627027,-1.279341362,-1.384800908,-1.147591837,-0.1964368,-0.617322387,-1.913284185,-0.246815059,0.438972621,-0.938126828,-1.003346049,-1.613076301,-1.372952321,-1.434821449,-0.320574049,-0.166389767,-1.215522203,0.279378967,-0.469965806,-1.147601313,0.522432788,0.806778998,-1.308656748,-0.733984265,-0.962248791,-1.454649152,-1.151737934,-0.846760795,0.195314284,-1.063106422,0,0
11/13/2023,1725,-0.372259728,0.356392997,-0.663598595,-0.272069696,-1.519568493,-0.617616337,0.711705421,-1.094866061,-0.270978828,0.533028541,-0.732925409,-0.418296674,-0.734258735,-0.790814272,-1.363815437,0.093136281,-0.652033672,-0.509345241,0.773105923,-0.043985568,0.463585178,0.857341641,1.270785119,0.115674423,0.494682162,-0.893757713,-0.783645125,-0.304853388,-0.133614193,0.170793253,-0.409426914,0,0
11/14/2023,2157,-0.444121037,-0.817211162,-0.514700799,-0.767618009,0.275623196,-0.481982249,-1.170103864,0.191668381,0.655298952,0.402797267,-0.877543552,0.78430482,0.681241314,1.85254219,-1.243651416,0.299991445,0.569586048,0.050071227,3.207586209,-0.224826235,2.158421136,1.418806483,5.126094988,0.632691432,1.942612212,-0.420071328,-0.50317605,-0.394945516,-0.084990561,0.579477108,1.413994873,0,0
11/15/2023,1991,-0.406347785,0.151217444,-1.179702987,-0.350906927,1.504763452,-0.639032246,0.053072171,0.568674811,1.49136533,1.381340588,-0.873634953,0.157466203,-0.588348185,1.160472492,-1.281885423,0.237934896,0.144021801,-0.868476801,3.165865849,-0.391601517,1.353259074,1.56829867,4.443218054,0.379251721,1.122842811,-0.938721322,-1.197607754,-0.708784968,3.156584904,0.935032062,-0.099789252,0,0
11/16/2023,1749,-0.173259182,0.081457757,-0.940123074,-0.211252403,1.423898962,-0.481982249,0.523524492,0.989665324,1.095079532,0.59633541,-0.650844841,0.928245539,-1.220627235,-0.083753895,-1.314657428,-0.093033368,-0.386681847,-0.666465299,1.271588567,-0.218798213,1.127319274,1.27452914,3.33772148,0.318426191,0.25566506,-0.733248088,-0.460519997,-0.585974196,-0.700889899,0.46095879,0.553890256,0,0
11/17/2023,1723,-0.620089112,-0.148338862,-0.755400244,-0.992867242,-0.419811422,0.431763186,-0.029256985,0.918976618,0.594084072,0.623466925,-0.746605504,-1.112462401,-0.856689426,-0.718359322,-1.26549942,-0.299888532,-0.667053586,-1.341563568,0.934150836,-0.343377339,0.309509182,0.875883308,2.715332479,0.00416095,0.287270627,-0.164406159,-0.842435333,-0.390959959,0.676779674,1.625707777,1.517207427,0,0
11/18/2023,1405,-1.246572314,-1.506601018,-1.47302045,-1.265418814,0.574821811,-0.531952702,-1.864021038,-0.19476321,0.460377889,0.187553912,-0.712405267,-0.657423998,-1.057945358,-0.028788071,-1.44028345,-0.19646095,0.319254138,-1.037683017,0.552182565,-0.34739602,-0.462595531,0.745512215,2.428014795,-0.761226974,-0.621389432,-1.263400401,-1.043780744,-0.747528291,-0.846760795,0.751124327,-0.959893868,0,0
11/19/2023,1193,-1.651022498,-1.871813501,-1.348752365,-1.504183001,-0.088267011,-0.481982249,-0.605561079,-0.95505951,0.2090747,0.404606035,-0.950829773,-1.319086982,-1.213918704,-0.875761455,-1.32558143,-0.1344044,-1.122657662,-0.844304485,0.37924843,-0.475993828,-1.118568336,0.546768726,1.96957993,-1.146455333,-0.892012101,-1.533704884,-1.387018312,-1.348976668,-0.944008059,0.015493388,-0.409426914,0,0
11/20/2023,4317,-0.659704962,-0.049854597,-0.387074116,-0.729325639,-0.589626852,0.074831376,-1.01720686,-0.245030734,0.341169966,0.97979416,-0.858000559,1.192910733,-1.103227942,0.635798715,-1.292809425,0.713701774,0.038882399,-0.833944921,5.881147938,-0.007817435,0.292836779,1.118083828,4.190123806,1.352460208,1.239388341,-0.268449858,-0.912276332,-0.057841533,-0.133614193,1.372323787,0.553890256,1,0
11/21/2023,2401,-0.783159005,-0.033440553,-0.441931199,-0.118900217,1.383466716,0.674476817,-0.499709306,-0.111507623,0.763230449,1.225786567,-0.525769691,-0.046836753,-0.459208962,1.330366859,-1.254575418,0.341362478,-0.637013757,-0.920274623,2.492071225,-0.158517991,0.24770631,1.363181483,3.469043967,0.637760226,1.460627312,-0.441507467,-0.740105008,-0.013073531,1.535797172,1.339629079,-1.063106422,0,0
11/22/2023,1768,-0.748149649,-1.08393938,-1.06439116,-0.986109765,0.615254056,-0.689002699,-0.429141458,0.403734498,-0.114719793,0.704861471,-0.634233298,-0.24649646,-1.390017644,-0.296121853,-1.336505432,-0.113718884,-0.181409681,-1.61609202,1.067958623,-0.186648761,-0.483292307,1.152270025,2.271223704,-0.497649676,-0.323111891,-1.016623387,-0.467150471,-0.604233609,0.822650569,1.417279011,-0.409426914,0,0
11/23/2023,1343,-1.39029493,-1.207044712,-1.325242186,-1.265418814,-0.516848811,-0.860329968,-1.311239561,-0.948776069,-0.427237862,0.142334719,-0.822823173,-1.298192361,-1.804269436,-0.43603486,-1.434821449,-0.341259565,-0.652033672,-1.398541171,0.885080775,-0.570432843,-1.279255802,1.269314296,1.501594339,-1.470858162,-0.919666973,-1.656047725,-1.071407722,-1.229595329,0.774026937,0.407829889,0.553890256,1,0
11/24/2023,1828,-1.152599834,-0.899281383,-1.450629804,-1.166309152,-0.840306773,0.210465464,-2.005156735,-1.000614453,-0.008399214,0.489618116,-0.647913393,-0.432226421,-1.042851163,0.570839104,-1.347429434,0.134507313,-0.181409681,-0.606034508,1.054772395,-0.204732828,-0.717855764,1.750238773,2.021313031,-0.710539032,-0.176936142,-0.980025102,-0.711151936,-0.858382392,-0.846760795,-0.429972014,-0.203001806,1,0
11/25/2023,1636,-1.228146337,-0.657174232,-1.345393768,-0.145930125,-1.268888572,0.874358631,-0.89959378,-0.004689135,-0.035784818,0.719331613,-0.575604321,-1.189076009,-1.408466104,0.565842211,-1.456669453,0.299991445,-0.902365581,-1.250054084,0.883135266,-0.23688228,-1.107357582,1.096065599,1.842236912,-0.472305705,-0.554227601,-0.184796633,-1.078701244,-0.710824091,0.676779674,0.505914014,-1.166318976,0,0
11/26/2023,1736,-1.095479306,-1.04290427,-1.506606419,-1.211358998,-1.721729719,-0.132189075,-1.052490784,-0.397404166,-0.045450325,0.514940864,-0.545312683,-0.773505223,-1.547668123,0.550851531,-1.303733426,0.961927972,-0.697093415,-1.032503235,0.908643051,-0.335339976,-0.861583372,1.532374191,1.859746577,-0.664919884,-0.224344493,-0.675213663,-1.189872201,-0.998340328,-0.846760795,0.424177243,-1.26953153,0,0
11/27/2023,2005,-0.995057734,-0.989558626,-1.124845904,-1.166309152,-0.35511983,3.308633579,-0.205676606,-0.772839735,-0.125996219,0.623466925,-0.395808792,-0.397402053,-0.551451264,1.425307828,-1.331043431,3.258020298,-0.181409681,0.018992534,0.599739452,-0.12837788,0.338829614,2.261293459,2.081005071,0.409664487,1.68384163,0.301437737,-0.804862643,-0.24405047,-0.133614193,0.910511031,0.450677703,0,0
11/28/2023,2070,-0.482815587,0.458980773,-0.70949942,-0.371179358,-0.791788078,2.66615632,1.370338671,-0.103653323,0.871161947,0.413649873,-0.573650022,-0.144344982,0.240155398,1.842548404,-1.20541741,3.485560979,-0.151369852,1.635084555,0.39870352,-0.068097657,1.484626108,0.834743985,-0.008216317,1.458904886,3.230539078,2.596673094,-0.254975285,0.346646171,0.725403305,0.767471681,-1.063106422,0,0
11/29/2023,4119,-0.59060755,0.939091565,-0.35012955,0.35187068,-0.460243667,2.537660869,0.076594787,-0.058098379,0.387886584,0.929148665,-0.450529171,2.075128044,1.117295832,2.192330922,-1.112563394,3.382133397,0.599625877,0.433375104,5.530956314,0.154939165,1.734712147,1.812816898,1.849399957,1.813720481,3.915984818,2.138148855,-0.399077599,0.440909232,2.39481467,3.399395709,-0.409426914,1,0
11/30/2023,2383,-1.105613593,-0.357617925,-0.721814275,-0.84645524,-1.220369878,1.645331342,-0.981922936,-0.416254487,1.161127165,0.089880456,-0.530655439,-0.230245089,0.625895933,1.355351324,-1.331043431,1.003299005,-0.106310109,0.26934867,1.610539472,0.056481469,0.521363676,1.575251795,1.715689788,0.080192863,1.511986358,0.627162481,-0.688829338,0.19945862,2.492061934,1.67474984,1.413994873,0,0
12/1/2023,1721,-1.32027622,-0.825418185,-0.689347838,-1.033412104,-0.508762362,1.538251799,-0.205676606,-0.06595268,4.28308601,0.47876551,-0.517952494,-0.376507433,-0.660464894,-0.12372904,-1.32558143,0.817129356,0.599625877,0.523157994,0.634542447,-0.180620739,0.280476205,1.29828565,1.558102804,-0.487512087,0.927283364,-0.641752374,-0.670927057,0.010098313,-0.749513531,0.101316998,-0.099789252,0,0
12/2/2023,1273,-1.423461688,-0.657174232,-0.965872317,-0.477046498,-0.816047426,0.110524557,0.194207867,-0.568627919,5.531547365,0.448016459,-0.539449785,-0.840832334,-1.141801996,-1.47538863,-1.462131454,-0.19646095,0.144021801,-1.533215506,0.171943635,-0.112303154,-0.679336764,0.58964633,1.318538751,-0.867671652,-0.870283274,-0.708152121,-1.079364291,-0.7320495,-0.133614193,0.248443185,0.553890256,0,0
12/3/2023,927,-1.797509011,-1.145492046,-1.822314529,-1.682129896,-1.066727346,-0.774666334,-0.652606311,-1.145133585,5.476776157,0.165848699,-0.615667455,-0.752610603,-0.930483268,-1.367955428,-1.429359448,-0.279203016,-0.887345667,-1.312211469,0.061265789,-0.465947124,-1.202792714,0.928031745,1.227806851,-1.344138307,-0.907814885,-1.915895555,-1.394311834,-1.284558942,-0.084990561,0.591737624,0.65710281,0,0
12/4/2023,1230,-1.036516182,-1.104456936,-1.08902087,-1.418588293,0.121980664,-0.503398158,0.41767272,-0.028252037,4.651986204,0.268948458,-0.52674684,0.647328974,-1.109936473,-0.963207085,-1.418435446,0.093136281,0.053902314,-1.205162639,0.140166988,-0.086181724,-0.45425933,1.717211429,1.506369703,-0.512856058,0.702093697,-0.506338716,-0.923327123,-0.663831592,0.725403305,1.9567417,0.65710281,0,0
12/5/2023,1251,-0.482815587,-0.88697085,-0.538210977,-0.835192779,-0.136785705,0.074831376,1.440906519,-0.358132663,4.394239344,0.556542521,-0.710450968,0.498745006,-0.631953637,0.58083289,-1.232727414,0.362047994,0.113981972,0.612940884,0.111632856,-0.289125139,0.0295278,0.632523934,1.569245318,-0.122558905,1.061607025,-0.6725995,-0.58672003,-0.425068913,-0.846760795,0.379222019,-1.063106422,0,0
12/6/2023,1411,-0.22208802,-0.554586456,-0.34005376,-0.013033078,0.421179279,0.674476817,-0.217437914,-0.650312646,4.254089489,0.40822357,-0.489615155,0.020490358,-0.86507509,-0.426041074,-0.697451323,0.031079731,-0.637013757,-0.055251009,0.179293336,-0.084172383,0.040163643,1.534691899,1.445881769,-0.512856058,0.320851542,-1.250852417,-0.752481894,-0.25322652,-0.133614193,0.783819036,-0.409426914,0,0
12/7/2023,1380,-0.807112774,0.91857401,-0.106071508,-0.303604588,-1.12333249,0.917190449,0.158923943,-0.717859631,4.360410069,1.336121396,-1.022161695,0.108712089,-1.068008154,0.368464932,-0.194947237,0.196563863,0.319254138,-0.533517558,0.223175373,0.022322676,-0.747463651,0.92107862,1.354353975,-0.492580881,0.101587919,-0.164928992,-0.588488156,0.45332934,-0.084990561,1.163895021,-1.166318976,0,0
12/12/2023,1564,-0.244199192,-0.037544064,-0.092637121,-0.549126253,-0.104439909,1.652469978,0.229491792,-0.683300708,0.468432478,0.952662645,-1.016298797,0.347839413,-0.12378241,0.66827852,1.044926974,0.755072807,-0.371661933,0.476539955,0.288890344,-0.206742169,0.603000958,0.441312997,-0.25812699,0.967231849,0.672463478,-0.118396885,-0.626723893,0.16979866,-0.084990561,0.99633464,-0.409426914,0,0
12/13/2023,1710,0.713030288,-0.480723257,-0.148613736,1.126728043,-0.767528731,0.488872276,0.817557193,0.106841934,0.039928323,1.706918772,-0.909789489,1.174337736,-0.469271759,0.378458719,1.088622982,0.196563863,-0.917385496,-0.669918487,0.137356808,-0.242910302,1.020673388,0.365408049,-0.242209113,1.651519066,0.50653425,-0.037880657,-0.540085692,0.193063191,0.725403305,0.971813609,1.413994873,0,0
12/14/2023,1347,-0.567575079,-0.825418185,-0.823691715,-0.010780585,-0.662404894,0.16049501,-0.288005762,-0.309435999,0.004488129,0.26713969,-0.65377629,-0.866370203,-0.860043692,-0.59593544,0.597042898,0.113821797,-0.196429596,-0.483446331,0.185994534,-0.140433924,-0.092640667,0.188103363,-0.386265902,0.075124069,-0.226319841,-0.941858318,-0.655897981,-0.526468902,-0.846760795,0.154445899,-0.099789252,0,0
12/15/2023,1487,-0.463468312,0.163527978,2.270695571,-0.535611299,-0.638145547,-0.217852709,0.158923943,0.454002021,-0.040617571,0.263522155,-1.064179128,0.169074326,-0.942223197,-0.458520879,0.831908938,-0.1344044,0.349293967,-0.036258475,-0.002719841,-0.248938324,-0.121961099,0.413500497,-0.191271906,-0.335448261,-0.398175113,-0.751024399,-0.726402028,-0.548899246,2.297567406,0.260703701,1.413994873,0,0
12/16/2023,1177,-0.866997198,-0.431481124,-0.619936835,-0.562641207,-0.031661868,-0.617616337,1.699655296,0.238794185,-0.005177378,0.420884944,-0.848229063,-0.45776429,-1.618107699,-1.178073489,-0.227719243,-0.465372664,-0.371661933,-0.959986286,-0.134582119,-0.216788872,-0.152143897,0.370622893,-0.367164449,-1.156592922,-1.004606935,-1.13321507,-0.937472135,-0.682461754,-0.749513531,0.387395696,0.760315364,0,0
12/17/2023,973,-0.891872266,-1.646120394,-0.860636281,-2.026761222,-0.363206279,0.767279088,0.699944113,-1.094866061,-0.201709359,0.482383045,-1.08469927,-0.847797207,-1.153541925,-1.080634073,-0.260491248,-0.672227828,-1.167717405,0.105322236,-0.130907269,-0.50814328,-0.955006317,-0.130581532,-0.430040064,-1.369482278,-1.097448288,-1.118052923,-0.928852518,-1.107247994,0.676779674,1.012681995,1.517207427,0,0
12/18/2023,1249,-0.799742383,-1.063421825,-0.975948108,-0.199989941,-0.613886199,0.046276831,-0.617322387,-0.386408145,-0.225873127,0.71390531,-0.848229063,-1.79734163,-0.710778876,-0.620919906,0.853756942,0.113821797,-0.211449511,-0.863297019,-0.086376729,-0.37351745,-0.29615896,0.201430186,-0.331349225,-0.715607826,-0.388298373,-1.123281249,-1.123788471,-0.838732668,-0.846760795,0.473219306,-0.959893868,0,0
12/19/2023,1530,-0.287500236,-0.156545884,-0.702782226,-0.422986682,0.776983037,0.296129098,-0.464425382,0.424155679,-0.225873127,0.695817633,-0.913698087,-0.111842239,-0.162356464,-0.256146708,0.973920962,0.941242455,-0.401701762,-0.062157385,-0.033847985,-0.033938865,0.922651159,1.146475755,-0.315431348,0.379251721,0.591474212,0.221444341,-0.451458348,-0.024381391,-0.944008059,0.706169103,-1.26953153,0,0
12/20/2023,1344,0.341746861,-0.058061619,-0.35012955,-0.21800988,-1.074813795,1.231290442,0.452956644,0.469710623,-0.427237862,1.323460022,-0.974281364,0.456955764,0.359231824,0.530863959,1.296179017,0.279305929,-0.416721676,1.457245369,0.160919084,-0.052022931,1.093974468,0.544451017,-0.32816565,0.794892846,0.929258712,-0.152903841,-0.37896516,-0.200023967,0.676779674,1.662489324,1.310782319,0,0
12/21/2023,1126,-0.129036838,0.044526157,-0.106071508,-0.317119542,0.906366222,-0.267823163,-0.617322387,0.739898564,-0.088945107,1.670743419,0.436722679,-1.372484345,-0.465917493,-0.066264769,1.378109031,-0.030976818,-0.667053586,1.458971963,-0.066921639,0.008257291,1.371368753,2.212042157,-0.226291235,0.445146046,0.692216958,-1.393585732,-0.55710391,-0.387530526,0.774026937,0.751124327,0.760315364,0,0
12/22/2023,1027,-0.804348878,-0.969041071,-0.484473427,-0.774375486,0.971057815,-0.10363453,0.123640019,1.126330155,0.478097985,1.025013353,0.728890413,0.025133607,-0.613505176,0.788203955,0.340328854,-0.19646095,-0.93240541,0.07251695,-0.104967148,-0.204732828,1.087937909,1.842947106,-0.261310565,-0.168178052,-0.038661785,-0.933492995,-1.108759395,-0.985456783,-0.846760795,0.424177243,-1.063106422,0,0
12/23/2023,1061,-1.073368135,-1.912848612,-1.067749757,-1.815026943,0.542476015,-0.953132239,-0.946639012,-0.087944721,-0.707537572,1.169714768,0.010685447,-0.81297284,-0.82817817,-1.535351347,-0.320573259,-0.424001631,-1.197757235,-1.650623901,-0.059571938,-0.230854257,-0.243554656,0.904275235,-0.426060595,-1.278243983,-1.219919862,-1.423387193,-1.188988137,-0.695808736,-0.133614193,0.195314284,-0.409426914,1,0
12/24/2023,813,-1.455707147,-1.498393996,-1.157312341,-1.76321962,-1.931977395,-0.346348161,-1.381807409,-0.670733827,-0.333804625,1.015969514,0.069314424,-1.913422855,-2.111184731,-2.077514251,-1.041557382,-1.065252641,-1.212777149,-2.180688271,-0.116640202,-0.542302072,-1.735447231,0.090180186,-0.486548528,-1.734435461,-2.140432008,-2.484214651,-1.428569286,-1.366401895,0.725403305,0.375135181,0.553890256,1,0
12/25/2023,763,-1.616013143,-1.847192435,-1.552507244,-1.756462143,-0.403638524,-1.153014053,-1.711124034,-0.879658224,-0.593162403,0.135099649,-0.132955546,-1.743944266,-2.849123145,-2.482262594,-0.954165367,-1.044567124,-0.46178142,-2.206587181,-0.135879125,-0.825619117,-2.621671665,0.07743279,-0.542261099,-2.251452469,-2.529575555,-2.315862536,-1.777553264,-1.551683957,-0.036366929,-0.213369571,-1.063106422,1,0
12/26/2023,1294,-0.656941065,-0.870556806,-1.352110962,-0.292342127,0.825501732,0.167633646,-1.452375257,-0.58433652,-0.309640857,0.122438275,-0.134909845,-1.033527168,-1.619784832,-1.028166695,0.209240832,-0.341259565,-0.667053586,-0.307333739,-0.080324034,-0.327302613,-0.452247143,0.636579923,-0.405367354,-0.522993647,-0.321136543,-0.699786798,-0.871167389,-0.822141628,-0.895384427,0.326093118,0.450677703,0,0
12/27/2023,1188,-0.737094063,-0.33710037,-0.666957192,-0.767618009,0.542476015,-0.553368611,0.935170273,-0.389549865,-0.432070615,0.585482804,-0.254122098,-1.223900377,-0.792958382,-0.161205739,0.739054922,0.113821797,0.569586048,0.497259083,-0.01115038,-0.297162502,-0.318005557,1.035805182,-0.370348025,-0.588887971,0.514435642,-0.88905222,-0.691481528,-0.800360095,-0.133614193,0.501827176,2.377312043,0,0
12/28/2023,1130,-0.975710459,-0.185270461,-0.794583875,-0.91403001,-0.314687584,-0.481982249,-1.13481994,-0.135070525,-0.048672161,1.091937757,-0.317636823,-0.425261547,-0.628599371,-0.266140494,0.640738905,-0.237831983,0.144021801,0.020719128,-0.031253973,-0.116321835,-0.161917374,0.771586433,-0.340899952,-0.05666458,0.472953335,-0.816901313,-0.600644026,-0.611463225,0.725403305,1.535797329,0.003423302,0,0
12/29/2023,1170,-0.344620764,-0.993662137,-0.74868305,-0.470289021,-0.613886199,1.502558618,0.347104872,0.443006001,-0.201709359,0.829666442,-0.445643423,-0.492588658,-0.283110023,-0.413548841,0.640738905,-0.175775433,-0.637013757,-0.528337776,-0.178680323,-0.140433924,0.016879771,0.86545362,-0.290758638,-0.2137972,0.253689712,0.190597214,-0.071311139,-0.133659806,-0.036366929,0.534521884,-1.166318976,0,0
12/30/2023,999,-0.858705508,-1.092146403,-1.025207529,-1.456880662,0.170499359,0.310406371,-0.029256985,-0.158633427,-0.306419021,0.565586359,-0.68015933,-0.151309856,-0.326715474,-1.490379309,-0.113017223,-0.527429213,-0.682073501,-0.214097661,-0.236180923,-0.315246569,-0.265976163,0.678298673,-0.411734505,-1.085629803,-0.552252253,-0.448304291,-0.810167023,-0.607477668,-0.895384427,0.706169103,0.450677703,0,0
12/31/2023,464,-1.352521679,-0.681795298,-1.321883589,-1.855571805,-1.551914289,-0.93171633,-0.687890235,-1.33834938,-0.396630422,-0.185052233,-0.315682524,-1.523389938,-1.63655616,-1.305494264,-0.73568533,-0.217146466,-1.43306923,-1.315664658,-0.350101285,-0.530246028,-1.638862278,0.031078624,-0.477793696,-1.557027664,-1.611038756,-1.898642077,-1.530678594,-1.259440664,-0.944008059,-0.483100915,-1.063106422,0,1
1/1/2024,354,-1.103770996,-1.555843151,-1.282699959,-1.312721153,-0.557281056,-1.238677687,-1.640556186,-0.881229084,-0.52711477,0.135099649,-0.78178289,-1.37480597,-1.792529506,-1.392939893,-0.227719243,-0.403316114,-0.977465154,-1.383001825,-0.537734821,-0.620666361,-2.14420855,0.20258904,-0.512813026,-1.511408516,-1.605112713,-2.310111377,-1.229876064,-1.311530969,-0.133614193,-0.425885176,-0.409426914,0,1
1/2/2024,1151,-0.810797969,-1.051111292,-0.943481671,-0.941059918,0.396919932,-1.617025407,-1.158342556,-0.967626391,-0.501340084,0.545689915,-0.257053547,-1.244794998,0.261958124,-0.28362962,0.788212931,0.299991445,-0.446761506,1.379548637,-0.272713259,-0.152489969,-0.834562582,0.970909349,-0.365572661,-0.223934789,0.482830074,-0.09173242,-0.411233469,-0.419507671,-0.895384427,1.029029349,-1.166318976,0,0
1/3/2024,1259,-0.609954825,-0.156545884,-0.083680862,-1.033412104,-1.325493716,0.303267734,-0.793742007,-0.907933706,-0.093777861,0.046470032,-0.699702322,1.199875606,0.047285131,0.350975807,1.263407012,0.899871422,0.083942143,2.149609578,-0.453645598,-0.152489969,-0.205323112,0.755362475,-0.396612522,0.171431159,0.822589922,-0.070296281,-0.279729057,-0.222361624,-0.133614193,0.894163677,-0.409426914,0,0
1/4/2024,1210,-0.276444651,-0.468412724,-0.649044675,-0.139172648,0.07346197,-1.067350418,0.711705421,-0.545065017,-0.488452741,0.523984702,-1.249837555,-0.743324105,-0.217701845,0.723244344,0.810060934,0.610274192,-0.136349938,0.804592822,-0.49061027,-0.355433383,-0.350487996,0.559516122,-0.399000204,-0.122558905,0.22603484,-0.5445055,-0.606611453,-0.429332533,-0.895384427,0.550869238,-0.30621436,0,0
1/5/2024,1200,0.019292272,-1.338357065,-0.909895702,-0.197737449,-0.136785705,1.059963173,-0.288005762,-0.031393757,-0.541613031,-0.043968353,-1.308466531,-1.565179179,-0.159002198,-0.301118746,1.110470986,0.630959708,-0.151369852,1.844002433,-0.49795997,-0.353424043,-0.187788344,0.62730909,-0.357613723,-0.259416348,0.152946966,-0.532480349,-0.80663077,-0.341928338,3.918355138,1.229284438,0.553890256,0,0
1/6/2024,1185,-1.161812822,-1.026490226,-0.92333009,-0.880242625,0.219018053,0.802972269,-1.01720686,-0.44610083,-0.581885978,0.467912904,-1.088607868,-1.026562294,-0.274724359,0.258533284,0.526036886,0.44479006,0.098962057,-0.074243544,-0.535573145,-0.10225645,-0.812141075,0.261111175,-0.441978472,-0.644644707,-0.277678888,-0.250150715,-0.610368722,-0.258787763,1.778915331,1.315108047,1.517207427,0,0
1/7/2024,948,-0.957284483,-0.977248093,-0.979306705,-0.470289021,-1.147591837,-0.510536794,-0.499709306,-1.288081856,-0.264535156,0.086262921,-1.257654751,0.865561677,-1.044528296,-0.720857768,0.110924815,0.051765248,-1.137677576,0.842577891,-0.534924642,-0.273050413,-1.701814971,0.172458831,-0.461875819,-0.898084417,-0.816948879,-1.053744506,-1.24755733,-0.753274908,-0.798137163,0.293398409,-0.099789252,0,0
1/8/2024,1163,-0.940701104,-0.566896989,-0.982665302,-0.105385263,0.50204377,-0.660448154,-0.429141458,-0.950346929,-0.548056702,0.800726159,-1.329963823,-0.6481375,-0.380383723,0.27602241,0.531498887,0.899871422,-0.211449511,-0.131221147,-0.496662964,-0.172583376,-0.922523878,0.384529143,-0.461079925,-0.538200029,0.145045574,-0.866570415,-0.785634267,-0.431278968,0.676779674,0.579477108,-1.166318976,0,0
1/9/2024,1249,-0.710376397,1.739276219,-0.646805611,1.153757951,-0.290428237,2.016540425,-0.723174159,-0.623608024,-0.465899891,1.435603619,-0.822823173,0.647328974,-0.499460149,0.973089,1.585665067,1.43769485,0.349293967,-0.279708234,-0.51006536,-0.252957006,0.152846088,0.772745287,-0.354430147,0.267738249,1.304574823,-0.426868152,-0.853265108,-0.301980079,-0.846760795,0.832861098,-1.26953153,0,0
1/10/2024,1134,0.132612028,0.676466858,0.268971813,0.327093265,-0.816047426,1.980847244,-0.758458083,-0.865520483,-0.129218054,1.726815217,-1.152122593,0.15050133,0.397805878,0.291013089,1.929771125,1.189468653,0.129001887,1.010057513,-0.502283324,-0.23889162,0.118351462,0.685831225,-0.337716376,0.490765194,1.630507236,-0.508952879,-0.581857682,-0.194648099,1.48717354,1.061724057,-0.409426914,0,0
1/11/2024,1293,-0.370417131,1.029368808,-0.013150327,1.174030382,0.146240011,1.224151806,-0.170392682,-0.545065017,0.392719338,2.432234617,-1.199025775,1.276489215,0.760066554,0.763219489,1.247021009,1.292896235,-0.136349938,0.828765139,-0.47850488,-0.315246569,0.20803749,1.046814297,-0.334532801,0.35390775,1.055680981,0.704018882,-0.39266814,0.162290982,0.012256703,1.597099908,-0.30621436,0,0
1/12/2024,1374,-0.679973536,0.065043712,0.414511013,-0.123405202,-0.743269384,1.138488171,-0.687890235,0.164963759,0.047982912,1.835341279,-0.954738371,0.765731824,0.245186797,1.642672679,1.602051069,1.954832761,-0.652033672,0.72689609,-0.502715659,-0.248938324,0.400632485,0.570525236,-0.318614924,0.333632574,1.138645595,0.276341769,-0.534339281,0.157378552,-0.084990561,1.147547667,-0.30621436,0,0
1/13/2024,1455,-0.328037385,-0.365824947,-0.566199285,-1.443365708,0.146240011,0.603090455,-0.170392682,-0.658166946,-0.000344624,0.894782079,-1.145282546,-0.429904796,0.1378503,1.115500454,-0.031087209,1.872090696,-0.431741591,-0.141580711,-0.481531228,-0.082163043,0.077245366,0.203747894,-0.406163248,0.059917687,0.314925498,1.004647658,-0.608821612,0.337192059,-0.084990561,0.064535451,-0.30621436,0,0
1/14/2024,1514,-0.950835391,-0.300168771,-0.290794338,-0.729325639,-0.94543061,4.28662674,0.782273269,-0.491655773,0.160747163,0.701243936,-0.951806922,1.009502397,-0.579962521,1.665158698,0.242012837,3.299391331,0.584605962,0.151940275,-0.467696497,-0.206742169,-0.014452848,0.862556485,-0.384674114,0.470490017,0.692216958,1.204892565,-0.775688555,0.593472651,-0.084990561,1.372323787,-1.166318976,0,0
1/15/2024,1828,-0.482815587,-0.185270461,-0.438572602,-0.34414945,0.526303117,2.773235864,-1.758169266,-0.615753723,-0.142105397,0.826048907,-0.876566402,-0.176847725,0.214998407,2.114879079,1.01761697,4.188868539,-0.606973928,1.035956423,-0.4395947,-0.009826776,0.518489124,1.061879401,-0.357613723,0.830374405,1.531739838,2.785938515,-0.419190039,1.057187589,0.725403305,1.237458115,-0.409426914,0,0
1/16/2024,1737,-0.95912708,-0.378135481,-0.840484699,0.239246064,-1.301234369,3.073058584,-0.605561079,0.033011508,-0.059948586,0.706670239,-0.992847206,-0.021298884,0.194872814,1.222933656,1.361723028,4.292296121,0.319254138,0.051797821,-0.418842604,0.000219928,1.445532199,0.887471849,-0.281207912,0.901337524,1.53964123,1.78471398,0.16186055,1.118732006,2.39481467,1.507189459,-0.30621436,0,0
1/17/2024,1597,0.300288414,-0.505344323,-0.696065032,-0.853212717,-2.150311519,4.565033553,-0.429141458,0.348754393,-0.085723272,1.09736406,-0.98307571,0.456955764,0.808703404,1.297887053,1.531045057,3.051165134,-0.371661933,0.766607753,-0.457320449,0.00624795,1.678370924,0.662074715,-0.30349294,0.840511994,1.656186759,1.393635154,-0.077720598,1.054963092,0.871274201,0.624432332,1.413994873,0,0
1/18/2024,1070,0.654067163,0.405635129,-0.294152935,-1.146036721,-1.212283429,1.345508621,-0.429141458,0.966102422,0.594084072,0.965324019,-1.248860405,-0.327753318,-0.205961916,1.257911908,1.454577044,2.554712739,0.334274053,1.244874302,-0.483260569,-0.106275131,1.830434734,0.637738778,-0.288370957,0.582003489,0.949012192,0.605726342,0.062624448,0.488735917,-0.846760795,0.718429619,-0.099789252,0,0
1/19/2024,1520,0.025741364,1.337132137,0.289123395,-0.145930125,-0.686664241,1.117072262,-1.01720686,-0.730426512,0.354057309,0.491426884,-1.1345339,-0.144344982,0.124433238,1.187955405,1.454577044,2.368543091,0.129001887,0.493805895,-0.476991706,-0.090200406,0.855099183,0.6232531,-0.321002605,0.343770162,0.862096882,1.508135506,0.083841966,0.479652555,-0.944008059,0.436437759,0.553890256,0,0
1/20/2024,1266,-0.427537658,-0.205788017,-1.0207294,-1.098734382,-0.840306773,1.673885887,-0.793742007,-0.039248057,-0.530336606,0.482383045,-1.043658986,0.21782844,-0.155647933,0.243542604,0.181930827,1.582493465,-0.887345667,-0.329779461,-0.509633024,-0.148471287,0.721719963,0.1290018,-0.387061796,-0.147902876,0.115415355,1.561987269,-0.137173853,-0.11586383,-0.944008059,0.706169103,-0.203001806,0,0
1/21/2024,935,-0.774867315,0.110182334,-0.877429265,-0.258554742,0.146240011,1.559667708,0.41767272,-0.83410328,-0.39018675,0.397370964,-1.157008341,-0.573845516,-0.782895585,0.443418329,0.149158821,1.168783136,0.304234223,-0.980705414,-0.531682127,-0.407676243,-0.207047843,0.330642425,-0.39820431,-0.325310673,-0.18878823,0.299346406,-0.82674321,-0.540372008,-0.944008059,1.253805469,0.553890256,0,0
1/22/2024,976,0.127084235,-0.751554986,0.08760758,0.58387739,-1.147591837,1.359785894,-0.029256985,-0.353420082,-0.441736122,0.205641588,-1.073950624,1.350781199,-0.517908609,0.543356192,0.886528947,0.755072807,0.629665706,1.227608362,-0.541842007,-0.34538668,-0.311106632,0.579216642,-0.407755036,-0.284760319,0.020598653,-0.24335389,-0.74054704,-0.793501229,0.676779674,0.804253228,-1.063106422,0,0
1/23/2024,972,-0.69287172,-0.451998679,-0.582992269,-0.832940286,-1.115246041,1.15990408,-0.099824833,-1.146704445,-0.169491001,0.364813145,-0.940081127,0.656615472,1.241403656,1.113002008,1.552893061,0.899871422,0.144021801,0.844304485,-0.393767154,-0.158517991,0.350902733,0.547348153,-0.339308164,-0.163109258,1.300624127,0.206282194,0.395474272,-0.13986986,-0.036366929,0.947292578,-1.26953153,0,0
1/24/2024,819,-0.468996105,-0.915695428,-0.122864493,-1.371285954,-0.888825467,0.067692739,-0.981922936,-1.093295201,-0.33702646,1.01958705,-0.72999396,1.072186258,-0.648724964,0.118620276,1.176014997,0.320676962,-0.637013757,1.331204004,-0.490394102,2.841427736,-0.230906626,0.786651537,-0.38387822,-0.386136203,0.441347767,-0.152381008,0.363647994,-0.528786086,2.346191038,0.767471681,-0.409426914,0,0
1/25/2024,786,-0.360282844,-0.566896989,-0.204590351,-0.046820463,-0.258082441,0.117663193,-1.381807409,-0.681729848,-0.240371388,0.372048216,-0.584398668,-1.221578753,-0.606796645,-1.070640287,0.231088835,0.010394215,0.569586048,0.239996571,-0.522819252,9.649074169,-0.288685125,0.932087735,-0.32816565,-0.026251815,-0.16903475,-0.660051516,-0.21983377,-0.550474932,0.871274201,0.947292578,-1.166318976,0,0
1/26/2024,995,-0.170495286,-0.722830408,-0.659120466,0.034269261,-0.791788078,-0.039386804,-0.829025931,-0.359703523,-0.467510809,0.73741929,-0.691885125,-1.244794998,-0.278078624,-0.635910585,0.460492875,0.010394215,-0.106310109,-0.517978212,-0.425543801,3.458295344,0.885281981,0.656280444,-0.347267103,-0.082008551,-0.02483435,0.461424529,0.701581181,-0.19177479,-0.036366929,1.2783265,0.450677703,0,0
1/27/2024,879,-0.620089112,-0.644863699,-0.741965856,-0.303604588,-0.460243667,-0.060802712,-0.170392682,-1.387046044,-0.577053224,1.243874243,-0.828686071,-0.773505223,-1.207210173,-0.943219512,-0.178561234,-0.072347851,-0.401701762,-1.07739468,-0.44326955,1.302272728,0.242532116,0.708428881,-0.399796097,-0.59902556,-0.649044303,-0.181659637,0.030135122,-0.367046617,-0.895384427,0.395569373,-0.203001806,0,0
1/28/2024,716,-0.970182666,-0.427377613,-0.801301068,-1.337498569,-0.209563747,1.36692453,-1.569988337,-0.218326112,-0.304808103,1.252918082,-0.818914575,-0.281320828,-0.484365954,-1.300497371,0.116386816,-0.672227828,0.584605962,-0.849484267,-0.462940808,0.416153461,-0.052684392,0.37120232,-0.445162048,-0.872740446,-0.751762397,-0.589469108,-0.479085326,-0.62258571,-0.944008059,0.898250515,1.413994873,0,0
1/29/2024,1023,-0.57494547,-0.607932099,-0.356846744,0.291053387,-0.993949305,-0.067941349,0.017788247,-0.219896972,-0.351524721,0.659642279,-0.986984308,-0.60170501,0.245186797,-0.213673116,1.034002972,0.341362478,-1.107637747,-0.315966709,-0.416032424,1.696103514,0.648993793,1.097224453,-0.317023136,0.201843924,0.162823706,0.849889192,0.642569958,0.228099019,0.676779674,1.176155537,-0.099789252,0,0
1/30/2024,1007,0.002708894,0.085561268,0.509671258,1.068163242,-0.080180562,0.27471319,-0.064540909,-0.592190821,-0.60282791,0.860415493,-0.592215865,0.306050172,0.069087857,0.10862649,1.01761697,0.010394215,-0.46178142,0.837398109,-0.414086915,0.476433684,0.736092723,0.827211433,-0.366368555,0.019367333,0.31295015,0.517367624,0.761034437,-0.014093092,-0.846760795,0.99633464,-0.30621436,0,0
1/31/2024,1083,0.035875651,1.300200537,-0.11166917,1.333957337,-0.767528731,-0.1964368,0.488240568,-1.027319075,-0.430459697,0.214685427,-0.493523754,0.59393161,0.500110976,0.256034837,1.044926974,0.051765248,2.33692933,0.818405574,-0.409547394,0.048444106,0.276164376,0.69684034,-0.344083527,-0.685195061,0.50653425,-0.236557066,0.907567925,-0.479847152,-0.944008059,1.584839392,3.134204106,0,0
2/1/2024,1046,0.865044594,0.512326416,0.463770434,0.559099975,-1.066727346,-0.974548147,-1.499420489,-0.406829326,-0.446568876,0.947236342,-0.463232116,-1.017275796,0.387743081,0.958098321,1.268869013,-0.113718884,0.249161203,1.762852514,-0.354208471,1.780495825,-0.044923101,0.816781746,-0.348062996,-0.497649676,0.174675794,-0.188979294,0.069033906,-0.493657571,-0.944008059,0.738863812,-0.753468761,0,0
2/2/2024,1088,0.822664848,0.811882723,0.780598076,0.511797636,0.121980664,0.189049555,-0.570277155,-0.208900951,-0.169491001,0.818813836,-0.777874291,-0.302215449,0.074119255,0.478396581,0.558808891,-0.237831983,0.364313882,-1.029050047,-0.407818052,7.876835635,0.066896979,0.673083829,-0.291554532,-0.507787264,0.135168835,-0.447781458,-0.100043195,-0.635191193,-0.133614193,0.424177243,0.450677703,0,0
2/3/2024,976,0.218292819,0.040422646,-0.042258167,0.737046869,0.065375521,-0.731834516,1.041022046,-0.587478241,-0.256480567,0.656024744,-0.205264618,-0.369542559,0.458182657,-0.088750788,0.31848085,-0.424001631,0.379333796,0.44028148,-0.453429431,2.286849692,-0.361411295,0.726391121,-0.42924417,-1.100836186,-0.554227601,-0.742136243,0.212473173,-0.423307853,0.725403305,0.603998139,1.517207427,0,0
2/4/2024,691,0.73514146,-0.468412724,-0.652403272,-1.164056659,1.456244758,1.10279499,0.923408965,-0.988047572,-0.63343535,0.097115527,-0.547266982,0.668223594,-0.33006974,-0.461019326,-0.09663122,-0.651542312,0.129001887,-0.065610573,-0.442837215,0.398069395,-0.551419193,0.546768726,-0.487344422,-1.192074481,-0.95127254,-1.204843143,-0.318185809,-0.866168131,-0.036366929,0.219835316,-0.099789252,0,0
2/5/2024,990,0.169463981,0.713398458,-0.574036011,-0.377936835,0.008770378,0.981438174,-0.288005762,-1.030460796,-0.515838345,0.348534236,-0.743674055,0.38266378,0.030513803,-0.248651368,1.121394987,0.320676962,1.86630534,1.193076481,-0.433758173,0.418162802,-0.280348923,0.828370287,-0.414918081,-0.963978742,0.093686528,-0.420071328,0.016874173,-0.78358368,1.535797172,0.477306144,-0.30621436,0,0
2/6/2024,744,-0.234986203,0.655949303,0.38428364,0.239246064,-0.993949305,-0.66758679,-1.311239561,-1.148275305,-0.536780277,0.748271896,-0.761262748,1.754743863,0.043930866,0.405941631,1.110470986,0.072450764,-0.281542445,0.580135597,-0.44607973,-0.178611398,-0.576427797,0.662074715,-0.422081126,-0.999460302,0.064056308,-1.482990116,-0.166789973,-0.936054412,1.633044436,1.127113474,-0.30621436,0,0
2/7/2024,866,0.065357214,1.246854894,0.945169324,2.187651931,0.324141891,-0.503398158,0.641137573,0.212089562,-0.380521243,0.746463128,-0.492546604,0.909672543,0.290469381,0.106128043,0.231088835,0.15519283,1.83626551,-0.324599679,-0.446512065,-0.152489969,0.059423143,0.970909349,-0.430040064,-0.776433357,0.267517147,-0.393929695,0.092682599,-0.715365772,0.012256703,0.791992713,0.553890256,0,0
2/8/2024,924,0.49928896,-0.115510774,0.135747469,1.514156724,0.089634868,0.074831376,0.594092341,-0.054956659,-0.522282016,0.786256017,-0.289299484,0.73787233,0.404514409,0.74822881,0.296632847,-0.403316114,-0.531874355,0.659558923,-0.448457574,-0.339358657,0.205162938,0.648747892,-0.375123388,-1.176868099,0.328752934,-0.494836397,0.337126095,-0.72815663,-0.895384427,-0.07441706,-1.063106422,0,0
2/9/2024,1014,0.662358853,-0.287858238,0.085368515,0.565857452,-0.767528731,-1.467114046,-0.323289686,1.032078547,-0.622158925,0.746463128,-0.586352967,1.311313582,0.372648886,0.455910562,0.96299696,-0.217146466,0.319254138,0.894375712,-0.456023443,-0.299171843,0.018891957,0.923975756,-0.384674114,-1.029873067,0.711970437,-0.720700105,0.26286478,-0.561690104,-0.133614193,0.23618267,2.170886935,0,0
2/10/2024,786,1.31555972,1.148370629,0.085368515,0.399173019,-1.673211025,0.303267734,-0.429141458,0.265498807,-0.027730228,0.695817633,-0.673319283,1.230056725,0.493402445,0.785705508,-0.304187256,-0.506743697,-0.121330023,0.64574617,-0.45537494,-0.271041072,-0.392456458,0.744932788,-0.454712774,-0.50271847,-0.309284455,-0.822652472,-0.26845725,-1.083334651,0.725403305,0.48956666,0.003423302,0,0
2/11/2024,689,0.386890504,-0.423274102,-0.642327481,0.392415542,-1.163764735,-0.710418608,0.746989345,-0.981764132,-0.559333128,0.283418599,-0.825754622,-0.402045302,-0.246213102,-0.418545734,-0.249567247,-0.341259565,0.599625877,0.371217718,-0.441972544,-0.520199324,-1.610404212,0.574001799,-0.547036462,-1.622921988,-0.963124628,-0.766709378,-0.413664643,-1.523785057,-0.846760795,0.2075748,0.553890256,0,0
2/12/2024,705,0.374913619,-0.529965389,0.545496292,0.505040159,0.121980664,-0.146466347,0.594092341,-1.079157459,-0.631824432,0.731992987,-0.599055912,-1.312122108,-0.504491547,1.055537737,0.476878877,0.175878346,-0.356642018,-0.075970138,-0.438513861,-0.37351745,-1.02514539,0.658018725,-0.461079925,-0.761226974,0.180601838,-0.588946275,0.167606962,-0.843552412,-0.133614193,1.70335771,0.65710281,0,0
2/20/2024,783,0.515872339,-0.41506708,0.563408809,-0.051325447,0.065375521,-0.417734523,-0.911355088,-0.681729848,-0.39018675,0.746463128,-0.569741423,0.148179705,1.278300577,0.688266092,1.208787002,-0.030976818,2.33692933,1.365735885,-0.24763781,-0.23889162,0.190215267,-0.937723456,-0.415713975,-0.898084417,0.636907215,-0.895326211,0.415365695,-0.46687092,0.725403305,-0.769179614,-1.063106422,0,0
2/21/2024,884,-0.258939973,0.520533438,0.336143751,0.027511784,-0.767528731,-0.282100435,-0.499709306,-0.870233063,-0.522282016,1.82629744,-0.496455202,3.488997368,1.452722384,1.870031316,1.454577044,0.50684661,3.002812209,3.439375325,-0.325674338,-0.353424043,0.318420293,-1.130672674,-0.370348025,-0.786570945,1.754954157,-0.633909884,1.171460813,0.126328281,0.774026937,-1.087953021,2.170886935,0,0
2/22/2024,1513,1.444541555,0.323564908,0.8264989,0.822641578,3.380819632,-0.082218621,1.335054747,5.463474957,0.022208226,3.584419636,-0.658662038,1.014145646,3.879533487,1.957476946,1.623899073,0.630959708,0.779864852,1.572927169,-0.26990308,-0.080153702,3.242414759,-1.130672674,-0.321002605,-0.46723691,2.171752575,0.382476798,1.773507905,1.664753332,-0.846760795,-1.087953021,0.003423302,0,0
2/23/2024,1077,-0.154833206,0.696984413,0.744773042,-1.044674566,1.060008754,0.117663193,-0.217437914,1.435789599,0.130139724,2.242314009,-0.459323517,1.666522132,2.452293509,1.38783113,1.247021009,0.465475577,-0.106310109,2.144429796,-0.321134817,-0.136415243,2.105816832,-1.130672674,-0.362389086,-1.050148244,1.342106434,-0.427913817,1.011887392,0.756880493,-0.133614193,-1.087953021,-1.166318976,0,0
2/24/2024,580,0.203552038,-0.484826768,-0.157569994,0.304568341,0.316055442,-0.396318614,0.452956644,0.625225775,-0.388575833,1.289093436,-0.261939295,1.250951345,1.617081394,1.13298958,0.351252856,-0.444687147,-0.902365581,2.272197755,-0.34123841,-0.220807554,0.173830319,-1.130672674,-0.485752635,-1.815536168,0.4097422,-0.460852275,0.714179083,-0.351104388,1.535797172,-1.087953021,1.310782319,0,0
2/25/2024,464,-0.045198645,-0.222202061,0.012598916,0.730289392,-1.349753063,-0.10363453,1.73493922,0.322049771,-0.290309842,1.196846283,-0.436849076,0.5266045,1.331968825,1.735115202,0.247474838,-0.48605818,-0.947425325,1.155091412,-0.397225837,-0.528236687,-0.489328866,-1.130672674,-0.453120986,-1.785123403,-0.194714274,-1.144194555,-0.083245993,-0.855416396,0.012256703,-1.087953021,-0.099789252,0,0
2/26/2024,688,0.0764128,-0.480723257,-0.253849772,0.975811056,-1.139505388,1.36692453,1.876074916,-0.182196329,-0.190432934,1.106407899,-0.70458807,-0.095590868,0.929456963,1.560223942,1.465501046,-0.19646095,0.053902314,1.519402754,-0.356802483,-0.39963888,0.239657564,-1.130672674,-0.410142718,-1.318794336,0.804811791,-0.939766987,0.868227109,-0.510248611,0.725403305,-1.087953021,0.553890256,0,0
2/27/2024,839,0.176834372,0.097871801,0.736936316,0.088329077,-0.080180562,0.467456367,0.405911412,1.764099365,-0.382132161,-0.803650783,-0.391900194,0.101747215,1.722740758,2.217315388,1.503735053,-0.610171279,-0.386681847,1.717961069,-0.307732422,-0.192676783,1.3684942,-1.130672674,-0.388653583,-0.609163148,1.500134271,-0.434710642,1.109576384,-0.259343887,-0.036366929,-1.087953021,-1.063106422,0,0
2/28/2024,837,1.287920755,1.197612761,2.196806439,1.160515428,0.647599853,-0.017970895,-0.064540909,1.729540442,0.238071222,-1.167213089,-0.033286286,1.044326764,1.739512086,3.049298093,1.54743106,0.217249379,0.834937872,2.591617652,-0.293897691,-0.052022931,1.478302093,-1.130672674,-0.321798499,0.541453136,1.2788953,-0.025332673,0.692519533,-0.246460342,1.535797172,-1.087953021,1.310782319,0,0
2/29/2024,899,0.156565797,2.038832525,1.944911671,2.46696098,0.92253912,1.009992719,-0.099824833,1.892909895,0.234849386,-1.183491999,-0.117321152,3.189507807,2.148732479,1.640174232,1.771373098,-0.010291302,-0.591954013,2.03910756,-0.221265354,0.11475235,1.907760187,-1.130672674,-0.282003806,0.728998521,1.468528703,0.945044736,1.397781012,0.382423498,0.012256703,-1.087953021,-0.099789252,0,0
3/1/2024,1189,0.13076943,1.714655153,0.357414865,0.626674745,4.58570054,1.495419982,0.488240568,1.641572275,0.064092091,-1.183491999,-0.107549656,1.805819602,2.157118143,2.08489772,1.323489022,-0.175775433,0.068922228,1.053222364,-0.0370905,0.050453446,1.837333659,-1.130672674,-0.291554532,0.282944632,0.682340218,0.873416662,2.013531085,0.914541718,0.725403305,-1.087953021,-0.30621436,0,0
3/2/2024,1023,0.087468385,-0.283754727,0.319350767,0.737046869,0.979144264,0.288990462,2.02897192,0.076995592,-0.39824134,-1.183491999,0.139669196,0.438382768,1.732803555,0.161093868,-0.047473212,-0.237831983,-0.637013757,0.219277443,-0.226237211,0.092649602,0.004519196,-1.130672674,-0.442774366,-0.65985109,-0.212492405,0.825316058,0.965916101,0.577715797,-0.846760795,-1.087953021,0.553890256,0,0
3/3/2024,811,-0.2377501,0.610810682,-0.237056788,-0.938807426,1.100440999,1.209874533,-1.028968168,0.443006001,-0.088945107,-1.183491999,-0.17301868,0.59393161,0.466568321,0.795699294,-0.194947237,-0.672227828,-0.431741591,-0.949626721,-0.264498888,-0.275059754,-0.687960421,-1.130672674,-0.453120986,-0.999460302,-0.807072139,-0.393406862,0.351934155,-0.27333968,-0.133614193,-1.087953021,-1.063106422,0,0
3/4/2024,1119,1.263045687,1.361753203,1.408655698,0.874448901,0.566735362,-0.089357257,0.053072171,1.4514982,-0.085723272,-1.183491999,-0.409488887,-0.43686967,1.913933893,0.58832823,1.176014997,-0.48605818,0.083942143,1.572927169,-0.195973737,0.08863092,0.390571553,-1.130672674,-0.401387885,0.338701368,0.463076595,0.519458954,1.653496315,0.29057031,1.535797172,-1.087953021,3.030991552,0,0
3/5/2024,975,0.202630739,0.204563088,0.557811147,0.426202927,2.313408357,-0.617616337,0.523524492,0.700627061,-0.332193707,-1.183491999,-0.115366853,0.893421171,1.308488966,0.613312695,1.443653042,0.217249379,0.864977701,0.519704806,-0.241368947,-0.110293813,0.476520663,-1.130672674,-0.40855093,0.19677513,0.546041209,0.097533001,1.203287091,0.411527334,0.012256703,-1.087953021,0.966740472,0,0
3/6/2024,922,0.824507446,1.185302228,0.780598076,0.730289392,0.510130219,-1.374311775,-0.029256985,0.55767879,-0.643100857,-1.183491999,-0.345974162,2.602136807,1.422533994,0.308502215,0.673510911,-0.320574049,0.159041716,1.310484875,-0.252177331,-0.144452606,0.211774408,-1.130672674,-0.399796097,0.176499953,0.597400256,-0.308185139,1.195993569,-0.00287792,-0.895384427,-1.087953021,-0.203001806,0,0
3/7/2024,946,0.681706128,0.910366988,0.79739106,0.300063357,1.884826557,-0.210714073,-0.393857534,0.984952743,-0.113108876,-1.183491999,-0.231647657,0.726264207,1.573475943,0.395947845,0.886528947,-0.610171279,0.364313882,0.412655975,-0.238126432,-0.031929524,-0.192962538,-1.130672674,-0.399000204,0.10046804,0.362333849,-0.5188867,1.143170788,0.009356814,0.676779674,-1.087953021,-0.30621436,0,0
3/8/2024,1041,1.31555972,0.143010422,2.028876593,1.399279615,1.674578882,-0.417734523,-0.723174159,2.33275073,0.075368516,-1.183491999,0.225658362,2.697323412,2.30135156,0.848166672,0.684434913,-0.010291302,0.379333796,0.442008074,-0.275523439,-0.160527331,1.364757283,-1.130672674,-0.403775567,0.282944632,0.334678978,0.218830177,1.157978848,0.109551866,-0.036366929,-1.087953021,-0.30621436,0,0
3/9/2024,960,1.308189329,0.774951123,1.207139883,0.791106685,0.817415283,-0.282100435,0.123640019,1.742107323,0.009320883,-1.183491999,-0.332294067,1.894041333,2.135315417,0.525867066,0.209240832,-0.465372664,0.129001887,0.18819875,-0.264066553,-0.122349857,0.414430336,-1.130672674,-0.422081126,-0.335448261,-0.009031566,0.205236528,1.503205558,0.10445406,0.725403305,-1.087953021,2.274099489,0,0
3/10/2024,744,-0.537172218,-0.882867339,-0.246013046,-1.276681276,1.124700347,-0.617616337,0.817557193,0.356608694,-0.564165881,-1.183491999,0.18070948,-0.367220935,0.595707544,0.168589208,-0.102093221,-0.692913345,-0.136349938,0.604307914,-0.320270147,-0.18263008,-0.750338203,-1.130672674,-0.493711573,-1.410032632,-1.01843437,-0.604631255,0.33425289,-0.284462165,-0.846760795,-1.087953021,0.863527918,0,0
3/11/2024,962,-0.141013723,-0.476619746,0.005881722,-0.272069696,-0.444070769,0.053415467,2.064255845,0.122550535,-0.309640857,-1.183491999,-0.090938113,1.357746072,0.917717033,0.818185314,0.831908938,-0.1344044,-0.151369852,1.234514738,-0.257581523,0.024332017,0.017454681,-1.130672674,-0.397408416,-0.325310673,0.147020922,0.031656087,0.813415186,0.139489888,0.676779674,-1.087953021,-0.203001806,0,0
3/12/2024,668,0.718558081,0.110182334,0.921659146,0.58387739,0.979144264,0.496010912,-0.440902766,0.584383412,-0.311251774,-1.183491999,-0.131978397,0.772696697,0.810380537,0.963095214,0.897452949,-0.258517499,-0.401701762,1.098113809,-0.261472541,-0.013845457,1.058617477,-1.130672674,-0.392633053,0.090330452,0.291221323,-0.23342007,1.396675933,0.230694265,0.774026937,-1.087953021,0.553890256,0,0
3/13/2024,738,0.722243276,-0.033440553,0.751490236,1.081678196,-0.039748317,0.181910919,0.123640019,0.680205879,-0.436903369,-1.183491999,-0.083120916,1.543476033,1.670749643,1.095512882,1.197863,-0.1344044,-0.416721676,1.77839186,-0.227750384,0.22325675,0.502391632,-1.130672674,-0.376715175,0.217050307,0.761354136,0.626116816,2.507501441,0.95087517,-0.846760795,-1.087953021,1.517207427,0,0
3/14/2024,883,-0.017559681,1.378167247,0.346219542,1.22133272,1.634146637,-0.57478452,0.229491792,0.802732969,0.112419627,-1.183491999,-0.077258018,1.360067697,1.23134086,1.235425889,0.678972912,-0.506743697,-0.166389767,0.352225184,-0.231209067,0.020313335,0.673714941,-1.130672674,-0.399000204,-0.087077345,0.233936232,0.695130726,1.688637831,0.842152879,-0.944008059,-1.087953021,-0.099789252,0,0
3/15/2024,708,0.583127154,1.03757583,0.266732749,0.327093265,2.863286893,-0.838914059,-0.652606311,1.013228226,-0.303197185,-1.183491999,0.044885683,-0.162917978,1.040147725,1.375338897,0.542422889,-0.589485762,-0.151369852,1.127465907,-0.265579726,-0.064078976,0.236783012,-1.130672674,-0.415713975,-0.543268823,-0.151256619,0.115309312,1.354240896,0.654275569,-0.133614193,-1.087953021,-1.166318976,0,0
3/16/2024,654,0.299367115,0.668259836,0.263374152,1.286654998,-0.047834766,-0.503398158,-0.170392682,0.6833476,-0.522282016,-1.183491999,0.23054411,2.068163171,0.941196892,0.203567459,-0.260491248,-0.775655411,-0.652033672,-0.374670906,-0.271848589,-0.078144361,-0.616958982,-1.130672674,-0.469834757,-0.9132908,-0.581882473,-0.241262559,0.509960466,-0.236728167,-0.895384427,-1.087953021,-0.409426914,0,0
3/17/2024,523,-0.318824397,-1.215251734,-0.40834523,0.221226125,0.194758706,-0.10363453,2.840502175,0.326762351,-0.259702402,-1.183491999,0.006776849,-0.92673244,-0.620213707,-0.500994471,-0.260491248,-0.651542312,0.319254138,-0.640566388,-0.281792301,-0.200714146,-0.813290896,-1.130672674,-0.469038863,-1.491133339,-1.306835172,-0.393406862,0.235016787,-0.547508936,-0.944008059,-1.087953021,-1.166318976,0,0
3/18/2024,825,0.935063305,0.512326416,0.726860525,1.392522138,0.6718592,-0.953132239,0.841079809,0.721048243,-0.427237862,-1.183491999,-0.120252601,-0.76654035,0.074119255,-0.4435302,0.580656895,-0.175775433,-0.371661933,0.298700769,-0.229912061,-0.003798754,0.223847527,-1.130672674,-0.365572661,1.514661623,-0.103848268,0.899558295,1.269149805,0.384740683,-0.944008059,-1.087953021,-0.409426914,0,0
3/19/2024,739,1.933751232,1.874692084,0.90934429,2.029977468,0.720377894,-0.881745877,0.558808416,3.089905309,-0.048672161,-1.183491999,-0.107549656,0.415166523,1.269914913,-0.303617193,0.722668919,-0.113718884,-0.667053586,1.046315987,-0.294762362,-0.092209746,2.045738691,-1.130672674,-0.297921683,2.127985721,0.696167653,-0.041540485,1.539452152,7.054894942,0.676779674,-1.087953021,1.413994873,0,0
3/20/2024,671,1.94296422,0.573879082,1.028014715,1.16276792,0.316055442,0.210465464,-1.499420489,1.757815924,-0.241982306,-1.183491999,0.45724282,0.716977709,0.981448078,-0.663393497,0.569732893,-0.48605818,0.569586048,1.001424542,-0.401765358,0.062509491,0.840726422,-1.130672674,-0.432427746,1.271359501,-0.903864189,-0.016444518,0.932321697,2.915198709,-0.846760795,-1.087953021,-0.099789252,0,0
3/21/2024,1099,3.045758914,1.119646051,1.202661754,1.108708104,2.491310236,0.517426821,2.958115255,3.842347309,-0.150159987,-1.183491999,0.842239768,1.195232357,1.266560647,-0.208676223,1.023078971,-0.279203016,-0.106310109,0.650925953,-0.130042598,0.14288312,2.626398229,-1.130672674,-0.315431348,2.244567988,0.109489311,1.610087873,2.194543041,1.941703209,-0.944008059,-1.087953021,-1.166318976,0,0
3/22/2024,1238,2.328988428,-0.025233531,1.38066739,1.446581954,2.758163055,0.003445013,4.404756143,3.251703902,-0.256480567,-1.138272806,0.489488758,0.062279599,0.510173773,0.600820463,0.356714857,-0.506743697,-0.401701762,-0.492079301,-0.323080326,0.106714987,1.646463395,-1.130672674,-0.410142718,2.498007698,-0.572005733,1.005693324,1.780359396,0.748816692,-0.133614193,-1.087953021,-1.26953153,0,0
3/23/2024,925,2.512326894,1.46844449,0.94293026,1.579479001,1.545195697,-0.774666334,0.688182805,1.852067532,-0.10988704,-1.178065696,0.589158018,-0.239531587,-0.382060855,-1.30799271,-0.21133324,-0.754969894,-0.416721676,0.994518166,-0.370853381,-0.027910843,0.566494145,-1.130672674,-0.432427746,2.406769402,-0.965099976,0.883873315,0.932321697,0.163959355,-0.895384427,-1.087953021,0.450677703,0,0
3/24/2024,753,1.55878261,0.844710811,0.916061484,0.685239545,1.197478388,-0.681864063,0.523524492,1.146751336,-0.412739601,-1.183491999,0.411316789,-0.369542559,-0.435729104,-0.673387284,-0.407965274,-0.796340927,-1.418049315,-1.502136814,-0.417977933,-0.45590042,-0.091778301,-1.130672674,-0.48893621,1.012850997,-1.575482493,-1.236735935,0.258665479,-0.52229797,-0.944008059,-1.087953021,-0.203001806,0,0
3/25/2024,1006,1.500740784,0.64363877,1.811687327,0.405930496,0.768896588,-0.303516344,1.440906519,1.002232205,-0.572220471,-1.183491999,0.168006535,-0.608669883,-0.053342834,-1.06814184,0.121848817,-0.382630598,-0.476801335,-0.535244152,-0.367827034,0.030360039,0.230746452,-1.130672674,-0.425264701,2.568970817,-0.649044303,1.410888632,1.288599198,0.439889671,-0.944008059,-1.087953021,-0.30621436,0,0
3/26/2024,987,0.947961488,1.041679341,1.417611956,0.842914009,1.124700347,-0.974548147,0.076594787,0.011019467,-0.385353997,-1.183491999,0.410339639,0.654293847,1.459430915,0.558346871,0.870142945,-0.030976818,-0.416721676,0.309060333,-0.272497092,0.263443565,0.550396653,-1.130672674,-0.437999003,1.266290707,-0.242122625,1.94208661,1.663663043,1.095096725,-0.944008059,-1.087953021,-0.30621436,0,0
3/27/2024,888,1.191184378,0.783158145,1.27878995,1.545691616,2.386186399,0.36751546,-0.393857534,0.482277504,-0.200098441,-1.183491999,0.833445422,0.498745006,1.551673217,0.136109402,0.673510911,-0.465372664,-0.667053586,-0.248629542,-0.180842,0.166995209,0.245406668,-1.130672674,-0.397408416,2.447319756,-0.479164379,1.258221496,2.118292583,1.070719945,0.676779674,-1.087953021,-0.30621436,0,0
3/28/2024,1085,2.267261406,1.053989874,1.663909063,1.924110328,0.914452671,-0.531952702,0.158923943,1.613296793,-0.543223949,-1.183491999,0.978063565,0.368734033,0.577259083,-0.875761455,0.329404852,-0.589485762,-0.682073501,-0.975525632,-0.29951805,0.044425424,0.557008123,-1.130672674,-0.431631852,1.986059483,-0.826825619,0.624548318,1.605756898,0.814532041,1.584420804,-1.087953021,0.553890256,0,0
3/29/2024,1063,2.008376436,1.19350925,1.743395856,1.493884293,1.529022799,-0.838914059,0.523524492,1.70126496,-0.304808103,-1.183491999,1.063075581,-0.915124318,0.545393561,-0.550963402,0.209240832,-0.54811473,-1.18273732,0.364311342,-0.34123841,-0.011836117,0.462722812,-1.130672674,-0.421285232,2.168536075,-0.807072139,0.990008344,1.289483261,0.646026393,0.012256703,-1.087953021,-0.203001806,0,0
3/30/2024,801,1.896899279,1.205819783,2.082614144,1.354229768,1.626060188,0.210465464,0.264775716,1.657280876,-0.069614093,-1.183491999,1.316157331,-0.759575476,-0.534679937,-1.310491157,-0.555439299,-0.713598861,-0.71211333,-1.279406183,-0.338644398,-0.003798754,-0.085454286,-1.130672674,-0.476997802,1.742757362,-1.342391435,-0.448304291,0.955749374,-0.211795263,-0.895384427,-1.087953021,-1.166318976,0,0
3/31/2024,629,0.785812895,1.205819783,1.039210038,0.559099975,0.008770378,0.16049501,-0.946639012,-0.311006859,-0.327360953,-1.183491999,0.930183233,-0.629564504,-1.126707801,-1.345469409,-0.549977298,-0.527429213,0.319254138,-1.555661229,-0.388146795,-0.329311954,-1.917118928,-1.130672674,-0.53430216,0.521177959,-2.2925338,-1.280653878,-0.14159417,-0.593111124,-0.133614193,-1.087953021,0.450677703,0,0
4/1/2024,1062,1.134063851,0.692880902,1.535162848,1.074920719,0.421179279,-0.217852709,1.558519599,0.356608694,-0.441736122,-1.183491999,1.051349786,0.422131397,-0.42734344,0.098632704,0.263860841,-0.568800246,-0.371661933,0.246902948,-0.197703078,0.203163343,0.06258515,-1.130672674,-0.421285232,2.067160191,-0.662871739,0.457764701,1.803124025,0.599033894,-0.895384427,-1.087953021,-1.063106422,0,0
4/2/2024,752,2.080237745,1.452030446,1.120935896,0.996083487,-0.314687584,-0.974548147,1.876074916,1.250428104,-0.370855736,-1.183491999,0.900868745,0.368734033,-0.127136676,-0.228663796,0.209240832,-0.403316114,0.083942143,0.010359564,-0.388795298,0.050453446,0.059710598,-1.130672674,-0.436407215,2.193880046,-0.402125809,0.649644285,1.140076567,0.129757714,-0.944008059,-1.087953021,-1.26953153,0,0
4/3/2024,903,1.490606497,0.422049173,0.926137275,0.876701394,1.60988729,-0.703279971,-1.358284793,-0.226180412,-0.280644335,-1.183491999,1.246779708,1.290418962,0.568873419,-0.163704185,0.427720869,-0.610171279,-0.386681847,-0.442008074,-0.411276735,0.03236938,0.006243928,-1.130672674,-0.410142718,2.082366573,-0.388298373,1.639889335,1.632941844,0.477520745,1.48717354,-1.087953021,1.310782319,0,0
4/4/2024,909,0.438483238,0.081457757,0.636178409,-0.031053016,-0.169131502,-1.19584587,0.605853649,-0.414683627,0.010931801,-1.183491999,0.50903175,-2.368461258,-0.901972011,-1.960087263,-0.205871239,-1.044567124,-0.667053586,-0.813225792,-0.383391106,0.00624795,-1.21084146,-1.130672674,-0.490527998,0.516109165,-1.962650692,1.47153722,1.268707774,0.428489124,-0.798137163,-1.087953021,-0.959893868,0,0
4/5/2024,738,1.62143093,0.262012243,-0.108310573,1.379007184,1.003403611,-0.903161785,2.358288545,1.313262509,-0.357968393,-1.183491999,1.636662404,-0.385793931,0.043930866,-0.553461849,0.165544824,-0.568800246,0.068922228,-0.229637007,-0.415816256,-0.009826776,0.231608818,-1.130672674,-0.384674114,1.05340135,-0.714230785,-0.249105049,1.243954002,0.173228093,0.676779674,-1.087953021,-1.26953153,0,0
4/6/2024,848,1.649991193,-0.02113002,0.687676894,0.453232835,0.364574136,-0.146466347,1.064544662,1.520616046,-0.406295929,-1.183491999,2.100808471,-0.369542559,-0.239504571,-0.983194657,-0.637369313,-0.817026443,-0.136349938,-1.919972571,-0.427921646,-0.10225645,-0.353937459,-1.130672674,-0.494507467,0.840511994,-1.705855458,-0.020104346,0.832864578,-0.022805706,0.774026937,-1.087953021,-1.26953153,0,0
4/7/2024,696,1.002318119,-0.160649395,1.241845384,0.167166309,-0.743269384,0.296129098,-0.876071163,-0.521502115,-0.406295929,-1.183491999,1.235053913,-0.376507433,-1.505739804,-0.68338107,-0.418889275,-0.941139542,-0.652033672,-1.937238511,-0.460346796,-0.269031732,-1.704689523,-1.130672674,-0.492915679,0.38938931,-1.946847909,-0.295114323,0.225071075,-0.608219167,0.774026937,-1.087953021,-1.26953153,0,0
4/8/2024,914,1.240013216,0.237391176,1.607932447,1.167272905,0.550562464,-0.1964368,1.264486898,0.450860301,0.036706487,-1.183491999,1.44416393,-0.956913559,-0.771155656,-0.825792524,-0.260491248,-0.754969894,-0.682073501,-1.327750816,-0.391821645,-0.041976228,-1.057915285,-1.130672674,-0.467447076,1.337253826,-1.45301092,0.306143231,1.307385542,-0.112990522,-0.846760795,-1.087953021,3.891096168,0,0
4/9/2024,893,0.565622476,1.31251107,1.85199049,1.340714814,-0.492589464,-1.153014053,0.95869289,0.047149249,-0.192043852,-1.183491999,1.433415284,-0.17916935,0.550424959,-0.348589231,-0.03654921,-1.230736773,-0.431741591,0.607761102,-0.401116855,-0.07613502,-0.459146068,-1.130672674,-0.44357026,0.830374405,-1.097448288,0.291503916,1.124826475,0.033362844,-0.133614193,-1.087953021,0.20984841,0,0
4/10/2024,739,0.57022897,1.948555282,1.417611956,1.009598441,-0.233823094,-0.36776407,0.888125041,-0.45081341,-0.346691968,-1.183491999,1.598553569,0.566072116,0.528622233,-0.226165349,0.520574885,-0.899768509,-0.416721676,-1.091207432,-0.299950386,-0.084172383,-0.34847581,-1.130672674,-0.378306963,0.627622637,-0.93151906,-0.085458428,0.854303112,-0.126337504,-0.084990561,-1.087953021,-1.166318976,0,0
4/11/2024,763,1.448226751,1.086817963,0.663047184,-0.362169389,0.421179279,-1.153014053,1.182157742,1.618009373,-0.240371388,-1.183491999,0.959497722,-0.204707219,0.760066554,-0.156208845,-0.052935213,-0.506743697,-0.667053586,-1.027323453,-0.362422842,-0.090200406,0.757076954,-1.130672674,-0.392633053,0.277875837,-0.741885657,0.145110773,1.014318566,0.022518421,-0.895384427,-1.087953021,0.450677703,0,0
4/12/2024,1000,0.487312076,0.56567206,1.235128191,1.471359369,0.696118547,-1.617025407,0.629376265,0.772886627,-0.427237862,-1.183491999,1.784211996,-0.021298884,0.287115116,0.288514642,0.6079669,-0.941139542,-0.682073501,-0.067337168,-0.41170907,0.03437872,-0.224870067,-1.130672674,-0.399000204,0.267738249,-0.481139727,-0.096437914,1.081065343,5.509054901,-0.944008059,-1.087953021,-0.203001806,0,0
4/13/2024,810,1.02535059,0.208666599,0.264493684,-0.328382004,-0.69475069,-0.232129981,-0.029256985,0.248219345,-0.370855736,-1.183491999,1.794960641,-0.239531587,-0.234473173,-0.783318932,-0.309649257,-1.12730919,-0.181409681,-0.096689266,-0.417113262,0.062509491,-1.17059773,-1.130672674,-0.47858959,-0.953841154,-1.217944514,-0.743704741,0.655388875,2.084441767,-0.944008059,-1.087953021,-0.30621436,0,0
4/14/2024,616,-0.597056642,-0.854142762,0.092085709,-1.006382196,0.348401238,0.117663193,-0.981922936,-0.977051551,-0.522282016,-1.183491999,1.490089962,-1.646436037,-0.03824864,-0.730851555,-0.926855362,-1.023881608,0.098962057,-0.792506664,-0.438730029,-0.29113448,-1.893260145,-1.130672674,-0.516792495,-1.460720574,-1.543876926,-1.470964965,0.305299817,0.558992948,-0.944008059,-1.087953021,-1.166318976,0,0
4/15/2024,911,0.501131558,0.458980773,0.533181437,1.662821218,-0.314687584,-1.110182236,-0.205676606,-0.725713932,-0.340248296,-1.183491999,2.163346046,0.127285085,-0.133845207,-1.39543834,-0.184023235,-0.734284378,0.113981972,-0.056977603,-0.298437212,-0.084172383,-1.084361165,-1.130672674,-0.491323892,0.166362365,-1.324613303,-0.608291084,0.44630791,0.800814309,-0.133614193,-1.087953021,-0.409426914,0,0
4/16/2024,821,0.757252632,1.144267117,0.839933288,1.036628349,0.801242385,-0.903161785,0.782273269,0.18538494,-0.275811581,-1.183491999,1.613210813,2.21210389,0.647698659,-0.978197764,0.673510911,-0.961825059,-0.637013757,0.593948349,-0.424895298,-0.277069094,-0.036874355,-1.130672674,-0.410142718,0.946956672,-0.115700356,1.582900575,1.351588706,1.113541513,-0.084990561,-1.087953021,-0.30621436,0,0
4/17/2024,730,1.275022571,0.385117574,1.360515809,1.32719986,0.744637241,0.031999558,3.240386648,0.642505236,-0.552889456,-1.183491999,1.707994326,-0.571523891,0.114370441,-0.418545734,0.569732893,-0.754969894,-1.18273732,0.025898911,-0.425759969,0.024332017,0.751615305,-1.130672674,-0.498486936,1.205465176,0.060105612,0.577493379,0.606765395,0.914078282,0.725403305,-1.087953021,0.553890256,0,0
4/18/2024,1014,1.443620257,0.389221085,1.726602872,0.671724591,-0.492589464,0.852942723,0.288298332,0.017302907,-0.425626944,-1.183491999,1.89951565,0.299085298,1.003250804,0.266028623,0.55334689,-0.734284378,-1.212777149,-0.26934867,-0.412357573,-0.226835576,0.344003808,-1.130672674,-0.456304562,1.453836092,0.470977987,1.407228803,0.930111539,1.097135847,-0.846760795,-1.087953021,-1.063106422,0,0
4/19/2024,1040,2.373210771,2.863638246,1.746754453,0.856428963,-0.031661868,-0.132189075,1.664371371,0.761890606,-0.285477088,-1.183491999,1.74903461,-0.450799417,0.825474732,-0.59593544,1.192401,-0.568800246,0.539546218,0.060430791,-0.263634217,-0.164546013,0.443463313,-1.130672674,-0.462671713,2.421975785,0.467027291,1.106600026,1.296113735,1.393550073,1.48717354,-1.087953021,-0.409426914,0,0
4/20/2024,841,2.152099053,1.31251107,1.298941532,0.7573193,0.041116174,-1.331479958,-0.18215399,-0.042389778,-0.311251774,-1.183491999,1.1422247,-1.312122108,-0.006383117,-1.457899504,-0.626445311,-1.396220904,0.144021801,-0.436828292,-0.410628232,-0.275059754,-0.802367597,-1.130672674,-0.539873417,1.240946736,-1.055965981,0.363654823,0.726113937,0.666046866,-0.798137163,-1.087953021,-0.30621436,0,0
4/21/2024,751,0.707502495,1.090921474,1.272072757,0.975811056,-1.37401241,-0.746111789,0.746989345,-0.661308666,-0.67854105,-1.183491999,1.24287111,0.03209848,-0.269692961,-1.8601494,-0.626445311,-1.313478838,-1.137677576,-1.935511917,-0.425976137,-0.283097117,-1.406885918,-1.130672674,-0.54862825,0.166362365,-1.379923046,-0.76514088,0.282977219,0.055793188,-0.133614193,-1.087953021,-0.30621436,0,0
4/22/2024,921,0.48362688,2.834913668,1.607932447,0.538827544,-0.735182935,-0.660448154,-0.288005762,-0.32985718,-0.359579311,-1.183491999,1.238962511,-0.580810389,1.135744292,-0.336096998,0.973920962,-0.858397476,0.289214309,-0.901282088,-0.334104877,0.08662158,-0.174852859,-1.130672674,-0.475406014,1.311909855,-0.196689622,0.377248472,1.465190837,0.790618698,-0.084990561,-1.087953021,-0.30621436,0,0
4/23/2024,669,0.613530015,0.376910552,0.340621881,0.173923786,-0.233823094,0.053415467,1.041022046,-0.047102358,-0.55772221,-1.183491999,1.211602322,-1.435168207,-0.20260765,-0.273635834,0.411334866,-0.692913345,-1.122657662,0.115681801,-0.420788113,-0.160527331,0.087306299,-1.130672674,-0.487344422,1.276428295,0.056154916,0.084985018,1.06537322,0.147090253,-0.084990561,-1.087953021,-1.166318976,0,0
4/24/2024,538,1.450990647,1.287890004,1.998649221,1.955645221,-0.791788078,-0.396318614,0.335343564,0.098987633,-0.183989262,-1.183491999,1.550673238,0.373377282,1.838462919,0.460907455,0.919300953,-0.899768509,0.038882399,0.43164851,-0.411276735,-0.263003709,0.998539336,-1.130672674,-0.435611321,1.651519066,0.32282689,0.63291364,0.994206126,0.487067545,0.725403305,-1.087953021,1.310782319,0,0
4/25/2024,904,0.671571841,1.333028626,1.207139883,3.190011019,0.75272369,-0.46056634,0.817557193,1.055641449,-0.377299407,-1.183491999,1.49399856,-1.140321895,0.679564182,-0.323604765,0.837370939,-0.858397476,-0.136349938,-0.761427971,-0.271848589,0.201154002,1.271621792,-1.130672674,-0.463467606,0.723929727,-0.404101157,1.371676183,0.927238333,2.973869818,-0.036366929,-1.087953021,1.620419981,0,0
4/26/2024,961,1.082471117,0.192252555,0.985472487,0.89246884,0.744637241,-0.10363453,-0.582038463,0.226227304,-0.446568876,-1.183491999,2.215134975,-0.193099097,0.92777983,-0.740845341,0.569732893,-0.941139542,-0.652033672,-0.574955815,-0.414303082,0.03437872,1.025560127,-1.130672674,-0.460284031,0.647897814,0.028500045,1.347103048,0.759045294,1.544445119,-0.084990561,-1.087953021,1.620419981,0,0
4/27/2024,782,0.741590552,0.672363347,0.919420081,0.074814123,0.316055442,0.117663193,-0.758458083,0.348754393,-0.572220471,-1.183491999,2.205363479,0.449990891,0.139527433,-0.903244367,-0.282339252,-1.272107805,-1.43306923,-0.473086767,-0.455591107,-0.110293813,-0.50830091,-1.130672674,-0.512017132,-0.396273791,-1.154733379,-0.573784128,0.391717003,0.454997713,-0.895384427,-1.087953021,-0.099789252,0,0
4/28/2024,624,1.272258675,0.130699889,0.972038099,-0.078355355,-0.541108158,-0.217852709,-0.464425382,-0.604757702,-0.546445784,-1.183491999,1.16763059,0.020490358,0.038899467,-0.730851555,-0.637369313,-1.168680223,-0.226469425,-1.1585446,-0.433758173,-0.283097117,-1.306564048,-1.130672674,-0.54862825,-0.85246527,-1.415479309,-0.26688136,-0.058934253,0.126606343,-0.944008059,-1.087953021,-0.30621436,0,0
4/29/2024,950,0.199866842,0.159424466,0.695513621,0.703259484,0.170499359,-0.617616337,-1.605272261,-1.036744236,-0.340248296,-1.183491999,1.92394439,-0.007369136,0.542039295,-0.396059715,0.313018849,-0.83771196,-0.902365581,0.267622076,-0.197919246,0.06050015,-0.81300344,-1.130672674,-0.469038863,-0.000907844,-0.364594198,0.555534407,0.892096818,0.630547601,4.728749004,-1.087953021,2.274099489,0,0
4/30/2024,986,1.146962035,2.120902746,1.854229554,1.651558756,1.278342879,-1.017379965,0.605853649,-0.406829326,0.006099047,-1.183491999,1.785189145,1.269524341,2.111835558,1.015562592,1.509197054,-0.630856795,0.053902314,1.132645689,-0.346642602,0.251387521,0.354639651,-1.130672674,-0.38785769,0.54652193,0.437397072,2.803191993,1.829866939,1.794886407,-0.603642635,-1.087953021,0.003423302,0,0
5/1/2024,803,0.839248227,1.841863995,1.588900398,0.917246256,0.590994709,-0.524814066,1.182157742,0.223085583,-0.39824134,-1.183491999,1.609302215,-0.85940533,1.118972965,-0.505991364,1.323489022,-0.692913345,-1.137677576,0.315966709,-0.226453378,0.078584217,0.450649693,-1.130672674,-0.415713975,1.190258794,0.016647957,2.722152932,1.165493386,1.665124082,-0.944008059,-1.087953021,0.553890256,0,0
5/2/2024,868,0.448617525,0.754433568,0.72909959,-0.031053016,0.696118547,-0.995964056,0.335343564,0.014161187,-0.290309842,-1.183491999,1.787143445,-0.4113318,0.68459558,-0.146215059,0.853756942,-1.147994707,-0.96244524,-0.51279843,-0.352695297,0.072556195,0.079832463,-1.130672674,-0.424468807,0.779686463,-0.459410899,2.289247493,1.361313402,1.645288984,-0.944008059,-1.087953021,-0.203001806,0,0
5/3/2024,851,1.209610355,0.939091565,1.854229554,1.604256417,0.518216668,-1.238677687,-0.946639012,0.17753064,-0.432070615,-1.183491999,2.445742284,-0.956913559,0.31394924,0.046165326,0.154620822,-0.941139542,-0.697093415,-0.214097661,-0.389227633,0.024332017,-0.251603402,-1.130672674,-0.42924417,0.870924759,-0.70040335,1.614793367,1.169250655,1.361665616,-0.944008059,-1.087953021,-0.30621436,0,0
5/4/2024,710,0.473492593,0.668259836,0.525344711,0.579372406,0.291796094,-0.546229975,0.382388796,-0.623608024,-0.491674577,-1.183491999,2.033385147,-1.223900377,-0.061728498,-0.938222619,-0.424351276,-1.18936574,-0.431741591,-1.919972571,-0.433758173,-0.041976228,-1.579646504,-1.130672674,-0.519976071,-0.528062441,-1.350292827,0.716044033,0.169596104,0.328757508,-0.133614193,-1.087953021,-0.30621436,0,0
5/5/2024,556,-0.540857413,0.01580158,-0.51022267,-0.727073147,-0.743269384,-0.639032246,-1.205387788,-1.390187764,-0.335415543,-1.183491999,1.535038844,-0.889586448,-0.353549599,-1.245531546,-0.293263254,-1.085938157,-1.167717405,-0.98761179,-0.462508473,-0.214779532,-2.151682385,-1.130672674,-0.551015931,-1.116042568,-1.745362417,-0.127807873,-0.096285927,-0.351845887,-0.084990561,-1.087953021,-0.30621436,0,0
5/6/2024,747,0.506659351,-0.878763828,0.664166716,0.324840772,0.75272369,-0.303516344,0.641137573,-0.763414575,-0.839632838,-1.183491999,1.750988909,-0.056123251,0.245186797,-1.705245714,0.252936839,-1.065252641,-0.46178142,-1.098113809,-0.316162961,-0.106275131,-1.008760443,-1.130672674,-0.529526797,-0.168178052,-0.799170747,0.593178359,0.322318035,0.442855667,-0.084990561,-1.087953021,0.553890256,0,0
5/7/2024,644,0.895447455,1.58744631,0.626102618,0.730289392,0.138153562,-0.439150432,0.594092341,-0.717859631,-0.419183272,-1.183491999,2.516097056,1.501686792,1.746220617,-0.071261662,1.197863,-0.879082993,-0.667053586,0.79078007,-0.392037813,-0.174592717,0.320145025,-1.130672674,-0.386265902,0.718860933,0.504558902,0.363654823,0.435478135,0.618127493,-0.895384427,-1.087953021,-0.203001806,0,0
5/8/2024,671,0.684470024,0.561568549,0.955245115,0.412687973,0.2432774,-1.531361772,0.264775716,-0.683300708,-0.643100857,-1.183491999,2.628469262,0.083174219,0.282083717,-0.493499131,0.711744917,-1.47896297,0.319254138,-0.73552906,-0.435487514,-0.146461946,-0.414303055,-1.130672674,-0.451529199,-0.026251815,-0.591759212,-0.106894567,0.658262081,0.376491506,0.676779674,-1.087953021,0.553890256,0,0
5/9/2024,676,0.716715483,2.145523813,1.423209618,0.505040159,1.076181652,-0.945993603,0.817557193,0.028298928,-0.354746557,-1.183491999,1.971824722,-0.587775263,0.798640607,-0.75583602,0.575194894,-1.106623674,0.879997616,0.115681801,-0.408466555,-0.170574035,-0.497952523,-1.130672674,-0.350450678,0.217050307,-0.617438736,0.586381534,0.684120932,0.573544866,-0.036366929,-1.087953021,-0.203001806,0,0
5/10/2024,842,0.995869027,1.636688443,0.890312241,0.849671486,-0.241909543,-1.038795873,0.006026939,0.662926418,0.006099047,-1.183491999,2.576680332,-0.274355955,-0.03824864,-1.40293368,-0.167637233,-1.251422289,-0.842285923,0.086329702,-0.416680927,-0.158517991,-0.416315241,-1.130672674,-0.352042466,0.262669455,-1.413503961,1.734522045,0.66201935,0.570671557,-0.895384427,-1.087953021,-1.166318976,0,0
5/11/2024,743,0.643932876,1.03757583,2.03223519,1.09519315,-0.007402521,-0.524814066,0.194207867,-0.95977209,-0.076057764,-1.183491999,3.000763265,-1.762517262,-0.903649144,-2.352343373,-0.588211304,-1.003196092,0.053902314,-1.559114417,-0.44888991,-0.369498769,-0.730216338,-1.130672674,-0.431631852,-0.512856058,-2.15821014,0.711338539,0.068149843,0.124474533,0.676779674,-1.087953021,-0.409426914,0,0
5/12/2024,564,0.898211352,0.052733179,0.871280192,1.55920657,-0.363206279,-0.817498151,-0.064540909,-1.201684549,-0.493285495,-1.183491999,2.015796454,-1.040492041,-1.455425822,-2.082511144,-0.413427275,-1.065252641,-1.137677576,-1.484870873,-0.455591107,-0.580479546,-1.724811388,-1.130672674,-0.465855288,-0.695332649,-2.511797423,-0.106371734,-0.527708806,-0.570495405,-0.846760795,-1.087953021,-1.166318976,0,0
5/13/2024,733,1.23724932,0.967816142,1.301180596,2.036734945,0.396919932,-0.681864063,-0.099824833,0.56082051,-0.622158925,-1.183491999,2.38125041,0.052993101,-0.127136676,-0.975699318,0.165544824,-1.210051256,0.289214309,-0.093236078,-0.278765954,-0.188658102,-0.265688707,-1.130672674,-0.368756237,0.754342492,-1.470789052,1.171431275,0.868006093,0.117152231,-0.944008059,-1.087953021,-0.409426914,0,0
5/14/2024,749,1.80937589,1.398684802,1.107501508,0.937518687,1.504763452,-0.481982249,0.488240568,-0.169629448,-0.470732644,-1.183491999,2.195591983,0.115676962,0.206612743,0.525867066,1.514659055,-0.941139542,-0.121330023,1.025596859,-0.37928392,-0.172583376,-0.148694434,-1.130672674,-0.35920551,0.718860933,-0.435706724,1.06006792,0.805458616,0.18110652,-0.944008059,-1.087953021,-1.166318976,0,0
5/15/2024,722,0.414529469,1.435616402,1.429926811,1.433067,0.210931604,-0.639032246,1.73493922,-0.086373861,-0.491674577,-1.183491999,1.702131428,0.580001863,1.023376397,-0.933225726,0.476878877,-0.899768509,0.349293967,-0.034531881,-0.41451925,-0.311227887,0.798470505,-1.130672674,-0.355226041,0.54652193,-0.856455838,0.85720885,0.986912604,-0.023825267,0.676779674,-1.087953021,-1.26953153,0,0
5/16/2024,839,1.019822797,1.127853073,0.946288856,0.227983602,1.051922305,-1.017379965,0.405911412,0.408447078,-0.415961436,-1.183491999,2.574726033,1.76867361,1.789826069,-0.441031753,1.569279064,-0.817026443,0.629665706,0.502438865,-0.422949789,-0.252957006,0.338254703,-1.130672674,-0.369552131,0.445146046,-0.133478487,0.889101642,1.106040131,0.308829722,-0.846760795,-1.087953021,-0.409426914,0,0
5/17/2024,881,1.015216303,0.577982593,0.972038099,0.604149821,1.981863946,-0.881745877,0.817557193,1.054070589,-0.647933611,-1.183491999,2.588406128,0.097103966,0.528622233,-0.670888837,0.662586909,-0.734284378,0.89501753,0.797686446,-0.429218652,-0.052022931,0.305197353,-1.130672674,-0.399000204,0.125812011,-0.974976715,1.209075227,0.990227841,0.275184205,-0.944008059,-1.087953021,-1.166318976,0,0
5/18/2024,800,0.459673111,-0.201684506,0.415630545,-0.38244182,-0.751355833,0.031999558,-0.288005762,-0.131928805,-0.153381823,-1.183491999,2.503394111,-0.471694037,-1.309515272,-0.958210192,-0.429813277,-0.941139542,-0.591954013,-0.050071227,-0.430515658,-0.391601517,-0.74688874,-1.130672674,-0.40855093,-0.517924852,-2.004132999,0.802311421,0.267727128,-0.202063089,-0.133614193,-1.087953021,-1.26953153,0,0
5/19/2024,625,1.532064944,0.327668419,0.549974421,-0.443259113,1.537109248,-0.57478452,-1.01720686,-0.518360395,-0.493285495,-1.183491999,1.615165113,-0.267391081,-0.79798978,-1.862647847,-0.462585283,-1.065252641,-0.181409681,-1.137825472,-0.442837215,-0.321274591,-1.060502382,-1.130672674,-0.477793696,-0.522993647,-2.268829625,0.579061877,-0.109988907,-0.383359595,-0.895384427,-1.087953021,0.450677703,0,0
5/20/2024,825,0.723164575,0.811882723,1.6236059,-0.105385263,2.054641988,0.231881372,0.676421497,-0.585907381,-0.461067137,-1.183491999,1.876064059,1.023432144,1.00660507,-0.655898158,0.504188882,-0.672227828,0.599625877,1.130919095,-0.271632421,-0.104265791,-0.141508054,-1.130672674,-0.386265902,0.308288603,-0.684600566,1.303707937,0.645001132,-0.039211371,-0.133614193,-1.087953021,1.517207427,0,0
5/21/2024,757,0.624585601,0.348185975,0.623863553,0.140136401,0.461611524,-0.731834516,0.006026939,-0.315719439,-0.531947524,-1.183491999,2.579611781,0.055314725,0.709752571,-1.123107665,1.050388975,-0.651542312,0.64468562,1.270773213,-0.339941404,-0.122349857,0.079257553,-1.130672674,-0.326573862,0.156224777,-0.180886838,2.569485796,0.65141059,0.145236505,-0.084990561,-1.087953021,-0.099789252,0,0
5/22/2024,758,0.990341234,1.722862175,0.616026827,0.829399055,1.278342879,-0.681864063,1.370338671,-0.086373861,-0.340248296,1.122686808,2.463330977,1.501686792,0.272020921,-0.386065929,0.411334866,-0.651542312,-0.106310109,0.407476193,-0.389227633,-0.263003709,0.063447516,-1.130672674,-0.375123388,-0.005976638,-0.445583464,1.142152647,0.044059119,-0.259529262,-0.084990561,-1.087953021,-0.30621436,0,0
