Date,A_OC_GOOGLE_SHOPPING,C_DIV_BUY_CONNECTEDl21_0p0_0d0_12,C_DIV_BUY_ESSENTIALSl21_0p0_0d0_12,C_DIV_BUY_PREMIUMl21_0p0_0d0_0,C_DIV_BUY_SSl21_0p0_0d0_12,C_DIV_CONN_DATAl21_0p0_0d0_12,C_DIV_CONN_REMOTEl21_0p0_0d0_12,C_DIV_CONN_TRYl21_0p0_0d0_06,C_DIV_GETNOW_CONNl21_0p0_0d0_0,C_DIV_GETNOW_ESSl21_0p0_0d0_06,C_DIV_GETNOW_PREMl21_0p0_0d0_06,C_DIV_GETNOW_SSl21_0p0_0d0_12,C_PP_PKG_APP_ACCESSl21_0p0_0d0_06,C_PP_PKG_CONNECTEDl21_0p0_0d0_12,C_PP_PKG_ESSl21_0p0_0d0_12,C_PP_PKG_PREMl21_0p0_0d0_06,C_PP_PKG_REMOTEl21_0p0_0d0_0,C_PP_PKG_SCl21_0p0_0d0_06,C_PP_PKG_SSl21_0p0_0d0_06,DIV_GMOC_SHOP_ESSl21_0p0_0d0_0,DIV_GMOC_SHOP_REMOTEl21_0p0_0d0_0,DIV_GMOC_SHOP_SSl21_0p0_0d0_0,DIV_PKG_HDStreamingl21_0p0_0d0_12,DIV_PKG_SS_CRASHl21_0p0_0d0_06,DIV_PKG_SS_ROADSIDEl21_0p0_0d0_0,DIV_PLANPAGE_CONNl21_0p0_0d0_0,DIV_PLANPAGE_ESSl21_0p0_0d0_0,DIV_PLANPAGE_HOMEl21_0p0_0d0_06,OC_APP_Accessl21_0p0_0d0_06,OC_PAGE_ESSl21_0p0_0d0_06,OC_PAGE_PREFl21_0p0_0d0_06,OC_PAGE_PREMl21_0p0_0d0_0,SC_BUYNOWl21_0p0_0d0_06,SC_SHOPNOWl21_0p0_0d0_12
1/1/2024,354,-2.127082512,-2.561217871,-2.131126183,-2.219053709,-0.878547855,-1.277200108,-1.827179237,-0.86777226,-1.091018095,0.402982805,-1.06498187,-1.599307615,-2.767637961,-1.736326313,-1.363024209,-0.231110676,-1.18533024,-1.694305839,-1.524646242,-0.093672924,-0.616285964,1.05375835,0.143966916,0.799645626,-2.235556634,-1.548635115,-1.797474878,-2.911630538,-1.073318074,-2.570864864,-1.364773254,-0.149077636,-0.422285256
1/2/2024,1151,-1.630256387,-1.736618623,-1.709754978,-1.697808056,0.17402509,-1.543706756,-1.183599768,-1.021791219,-0.790923037,0.826958282,-0.479786565,-1.343743007,-0.193983923,-0.359865301,0.306839946,0.465535847,-0.452580637,1.121482111,1.105546778,1.357346288,-0.223801095,2.199739769,1.001732584,1.733687738,-0.641649252,0.803958744,-0.439094264,-0.167125944,3.593769152,-1.39637994,-0.491114946,-0.911401033,-1.143448205
1/3/2024,1259,-1.385983542,-0.721010509,-0.656326964,-1.777235965,-1.47448989,0.34287978,-0.861810033,-0.94478174,0.905119818,0.319245445,-0.863980005,1.037757272,-0.43200973,0.284004123,1.110339287,1.059734353,0.280168966,1.871238187,-0.690107021,0.926350482,-0.223801095,1.565157224,0.55056014,1.349082162,-0.070570137,0.308006525,-0.000536756,-0.294313877,0.82727798,-1.190383893,-0.402384024,-0.149077636,-0.422285256
1/4/2024,1210,-0.998873187,-1.075075723,-1.428840841,-0.799279836,-0.135555188,-1.003680127,0.591990017,-0.598239082,-0.848244565,0.816380931,-1.34146545,-0.855230129,-0.725822835,0.661707052,0.473662649,0.772879902,-0.023991247,0.561686656,-1.056961023,0.452255096,-0.393934021,0.635680438,0.866457711,1.147622099,-0.377418617,0.269856354,-0.251329188,-0.809219864,0.025377467,-1.098146857,-0.616248298,-0.911401033,-0.323944854
1/5/2024,1200,-0.644884572,-2.06273132,-1.709754978,-0.80424408,-0.336782369,1.086293062,-0.471065356,-0.136182205,-0.959515766,0.231100856,-1.392351998,-1.655848457,-0.660737654,-0.377609734,0.883106792,0.793369506,-0.044729443,1.573689251,-1.129902754,0.958675168,-0.392249537,1.70140583,1.386804806,1.257509406,-0.12171155,0.93112598,-0.394692904,-0.765847021,-0.142991028,-1.428523149,-0.504765857,3.905834053,0.495558497
1/6/2024,1185,-1.953193369,-1.708666106,-1.709754978,-1.56377346,0.003755937,0.83381308,-1.114644825,-0.598239082,-1.128108495,0.767019961,-1.201527442,-1.13114944,-0.78904844,0.19021212,0.03425918,0.608963073,0.300907162,-0.293976667,-1.503192791,0.800643372,-0.181688985,0.95483813,0.41759109,0.781331075,-0.846214905,-0.416846718,-0.759781211,-0.453738383,-0.737601498,-1.029388339,-0.436511302,1.764840681,1.413402249
1/7/2024,948,-1.804145531,-1.652761072,-1.779983512,-1.156705426,-1.304220737,-0.456640165,-0.57449777,-1.368333877,0.210517774,0.360673402,-1.348250323,0.71208202,-1.642594107,-0.803476125,-0.640398682,0.219660604,-1.406537667,0.59867014,-1.496756756,0.570778943,-0.32487016,1.221736083,0.088627195,0.726387421,-1.894613879,-0.734764807,-1.016406025,-1.373066831,-0.787383179,-2.05238092,-0.930219252,-0.814083153,-0.12726405
1/8/2024,1163,-1.766883572,-1.186885791,-1.779983512,-0.724816171,0.27463868,-0.603920155,-0.540020299,-0.94478174,-1.057299549,1.083459038,-1.411010399,-0.762503148,-0.906201767,0.207956553,-0.047433194,1.059734353,-0.127682228,-0.349451893,-1.117030684,1.195722861,-0.240645939,0.846585813,0.725802588,1.001105689,-0.769502785,-0.722048083,-0.696565714,-1.106968574,-0.12863233,-1.891664872,-0.554819198,0.661904702,-1.143448205
1/9/2024,1249,-1.508119965,1.431333291,-1.358612306,0.685029213,-0.483833001,2.026079664,-0.827332562,-0.675248561,-0.632445872,1.657280317,-0.970841756,0.499488453,-1.038231707,0.915198951,1.570206778,1.592464048,0.646543767,-0.494023692,-1.250042076,1.407629132,-0.308025316,1.0294949,1.956342763,1.458969469,0.304466895,0.981992874,0.071333243,-0.633384012,-0.311359524,-1.528865864,-0.472913731,-0.862742093,-1.241788607
1/10/2024,1134,-0.545519347,0.224716312,-0.234955758,-0.143999587,-0.986900952,1.991013,-0.844571298,-0.94478174,0.746642653,1.909373843,-1.256654536,0.015498843,-0.043358217,0.223166067,2.180689468,1.346588804,0.342383555,0.761733681,-1.172809655,0.822193162,-0.296233925,2.2706637,1.412937451,1.294138509,0.176613361,1.249044069,0.323160452,-0.752659332,-0.175279878,-1.745483146,-0.377357354,1.47288704,-0.422285256
1/11/2024,1293,-1.054766126,0.625369054,-0.656326964,0.729707412,-0.065899625,1.247599718,-0.269946772,-0.598239082,2.850679913,2.583679955,-1.297363774,1.112391184,0.358310333,0.702265756,1.188429993,1.449036822,-0.023991247,0.5852216,-0.9368217,1.210089387,-0.360244333,2.789528252,0.953310328,1.77031684,0.278896188,1.299910963,0.208582364,0.615929718,0.179897471,-1.172775004,-0.038359729,-0.003100815,-0.323944854
1/12/2024,1374,-1.439806373,-0.469437857,-0.09449869,-0.640424018,-0.91724539,1.163439724,-0.810093826,0.056341494,1.286139386,1.962260597,-1.08533649,0.614831771,-0.212579689,1.594557241,1.659102488,2.104704139,-0.736002653,0.486038622,-1.177100345,1.5512944,-0.304656347,1.854452208,1.081667736,1.110992996,0.517556117,1.554245434,0.182148504,0.05384111,-0.171052444,-1.221409078,-0.083862766,-0.100418695,-0.323944854
1/13/2024,1455,-1.063046561,-0.958606903,-1.358612306,-2.184303999,-0.065899625,0.63743976,-0.269946772,-0.82926752,1.184983749,1.08522193,-1.250717772,-0.549909581,-0.331592592,1.059689334,-0.756470612,2.022745724,-0.431842441,-0.359538297,-0.966856531,2.20137974,-0.16484414,1.270262983,0.360714155,0.726387421,0.116948379,0.155405842,-0.07297118,0.908989472,0.16014515,-1.198489572,0.098149381,-0.100418695,-0.323944854
1/14/2024,1514,-1.737902048,-0.884066858,-0.937241101,-1.479381307,-1.110733064,4.256319511,0.626467489,-0.559734342,1.859354665,0.946834924,-1.082792162,0.852303309,-1.127491384,1.617371512,-0.49404,3.436528375,0.971442176,-0.073756834,-0.829554448,2.768857551,-0.269282174,0.327721262,0.278473181,1.605485879,0.03171269,0.498757379,0.292775623,1.079843308,0.429170308,-1.923528576,0.327939718,-0.100418695,-1.143448205
1/15/2024,1828,-1.255566685,-0.753621779,-1.147926704,-1.002813853,0.297857201,2.769492947,-1.90762667,-0.713753301,0.551075087,1.073763133,-1.017487759,-0.303391508,-0.246052068,2.07365693,0.692873248,4.317581332,-0.673788064,0.786949692,-0.550659593,4.44614956,-0.104202701,0.454637771,0.660470974,1.752002289,0.72212177,0.93112598,0.64958571,2.845235265,0.928736398,-1.464020433,0.755668264,0.710563642,-0.422285256
1/16/2024,1737,-1.756533027,-0.972583161,-1.639526444,-0.337605115,-1.451271369,3.064052926,-0.626213978,-0.059172725,0.975928764,0.949479262,-1.118412746,-0.151862051,-0.268366987,1.16869085,1.278307975,4.42002935,0.605067374,-0.171258745,-0.344706469,4.06902823,-0.095780279,1.602485609,1.605857866,1.513913123,1.64266721,2.151931441,0.735472241,1.617314897,1.307674843,-1.252154756,0.764768872,2.381187258,-0.323944854
1/17/2024,1597,-0.375770421,-1.117004499,-1.428840841,-1.504202528,-2.263919599,4.529839492,-0.540020299,0.171855714,0.837682726,1.338196902,-1.109931655,0.31403449,0.412238055,1.24473842,1.563003442,3.190653132,-0.348889655,0.524703173,-0.726577887,3.857121959,-0.090726826,1.363583945,1.661197587,1.257509406,1.855756433,1.795863182,0.682980802,1.258902818,0.603442634,-0.668266368,0.70106462,0.856540463,1.315061847
1/18/2024,1070,0.108635051,-0.082761374,-0.937241101,-1.901342073,-1.366136793,1.366826377,-0.540020299,0.74942681,3.693643558,1.185706762,-1.340617341,-0.450397698,-0.712805799,1.204179716,1.463630154,2.698902644,0.625805571,0.990358852,-0.984019291,1.881724518,-0.185057953,1.318789883,1.084742165,1.257509406,1.966562828,2.037480929,0.439714024,0.392325126,0.166340527,-0.843516737,0.152753026,-0.862742093,-0.12726405
1/19/2024,1520,-0.578641089,0.974775516,-0.234955758,-0.814172569,-0.863068841,1.142399725,-1.114644825,-0.98328648,2.516866309,0.734406463,-1.241388571,-0.271728636,-0.346469205,1.133201984,1.456754243,2.514496212,0.342383555,0.259094518,-0.921804285,2.05412284,-0.171582078,0.945506034,1.203876285,1.239194855,0.790310321,1.516095263,0.204255113,1.454959793,0.237478039,0.010374611,0.209631822,-0.960059973,0.495558497
1/20/2024,1266,-1.131360153,-0.776915543,-1.920440581,-1.797092943,-1.010119473,1.689439688,-0.861810033,-0.097677465,-1.104505513,0.752035381,-1.162514421,0.08108622,-0.6570185,0.175002606,-0.450492562,1.735891273,-1.060901062,-0.542774648,-1.245751386,1.644676825,-0.220432126,0.760730528,0.790365596,0.616500114,0.72212177,0.460607208,-0.265251649,1.448512478,-0.314420769,-1.111563153,-0.381907658,-0.960059973,-0.225604452
1/21/2024,935,-1.549522142,-0.418191576,-1.639526444,-0.938278677,-0.065899625,1.577226362,0.304677754,-0.98328648,-0.305375977,0.666535129,-1.260895082,-0.69013087,-1.352500155,0.377796125,-0.614041022,1.3260992,0.584329178,-1.17653707,-1.46457658,0.872476006,-0.437730616,0.837253717,0.803431919,0.946162035,-0.547889994,0.282573078,-0.457249906,0.037429764,-0.705021101,-1.671134504,-0.727730738,-0.960059973,0.495558497
1/22/2024,976,-0.55794,-1.396529667,-0.445641361,0.049605941,-1.304220737,1.380853042,-0.200991829,-0.405715383,-0.581868053,0.484957274,-1.188805805,1.184763462,-1.05868705,0.479192885,0.488069321,0.916307128,1.033656765,0.973548177,-1.565407797,0.728810738,-0.385511599,1.221736083,0.959459186,1.220880304,-0.368895048,0.129972395,-0.429499055,-0.486561076,-0.879512087,-1.323149323,-0.934769556,0.661904702,-1.045107802
1/23/2024,972,-1.417035175,-1.056440712,-1.358612306,-1.459524329,-1.27326271,1.184479722,-0.2354693,-1.252819658,0.578049924,0.650669103,-1.072614853,0.508534988,0.892008822,1.057154415,1.553017,1.059734353,0.363121751,0.600351207,-0.095846445,1.041282697,-0.228854548,1.033227738,1.007112834,1.147622099,0.466414704,1.223610622,-0.314356543,0.043877079,1.625898587,0.488330161,-0.268150065,-0.051759755,-1.241788607
1/24/2024,819,-1.224515052,-1.58287978,-0.726555498,-2.149554289,-1.056556515,0.111439796,-1.097406089,-1.098800699,-0.194104776,1.278258581,-0.890271388,0.913367419,-1.203734026,0.048256656,1.048128661,0.486025451,-0.715264457,1.074412223,-1.054815678,0.90120906,2.286080686,1.891780593,1.854886608,1.458969469,-0.27513579,0.511474102,-0.514538949,-0.391609715,0.118599677,0.707462998,-0.73000589,2.332528318,-0.422285256
1/25/2024,786,-1.08374765,-1.186885791,-0.867012567,-0.719851927,-0.452874973,0.160533126,-1.436434559,-0.713753301,0.261095593,0.610122591,-0.763903126,-1.32112667,-1.15724461,-1.158364783,-0.401870047,0.178681396,0.950703979,0.011977605,-1.376617434,0.067950503,7.993113889,1.018296384,1.213868179,1.605485879,-0.343324341,1.401644751,-0.193005367,-0.932598021,-0.549407795,-0.292051064,-0.695878612,0.856540463,-1.143448205
1/26/2024,995,-0.864316111,-1.363918398,-1.428840841,-0.541139132,-0.963682432,0.006239803,-0.879048769,-0.444220123,-0.720114091,1.008536137,-0.857195131,-1.343743007,-0.792767593,-0.717288879,-0.143041103,0.178681396,0.017485146,-0.726010998,-0.411212166,0.114641715,2.803217402,0.994032934,1.556667003,1.239194855,0.95225813,1.096443386,-0.224707186,0.355399597,-0.211796162,0.290439793,-0.34778038,-0.051759755,0.397218095
1/27/2024,879,-1.357002018,-1.275402094,-1.499069375,-0.913457455,-0.646362647,-0.014800195,-0.269946772,-1.483848097,-1.117992932,1.475702462,-0.975930411,-0.884631367,-1.822973039,-1.029083915,-1.080129576,0.096722982,-0.390366048,-1.270676846,-0.587130459,-0.014657026,0.995765623,1.145212893,1.31071269,1.349082162,0.099901241,0.257139631,-0.707571984,-0.444653531,-0.754365461,-0.146148844,-0.561644653,-0.911401033,-0.225604452
1/28/2024,716,-1.781374334,-1.028488195,-1.569297909,-2.075090624,-0.406437931,1.387866375,-1.672030615,-0.213191684,0.041925045,1.458073544,-0.96744932,-0.405165024,-1.021495517,-1.39157733,-0.695569684,-0.497475524,0.971442176,-1.048775945,-0.782356858,-0.301987563,0.252907995,1.255331629,0.910268324,0.909532933,-0.547889994,-0.467713612,-0.990348447,-0.849075991,-1.010562543,-0.621868344,-0.786884686,-0.960059973,1.315061847
1/29/2024,1023,-1.359072127,-1.233473319,-1.007469635,-0.347533604,-1.157170105,-0.021813528,-0.034350716,-0.367210643,-0.224451467,0.882489373,-1.113324091,-0.717270474,-0.212579689,-0.288887569,0.706133934,0.506515055,-1.365061274,-0.529326108,-0.316816984,0.890434165,1.325924568,1.453172069,1.540526252,1.880204147,0.705074632,1.579678881,-0.008438693,0.785611315,0.047535052,1.070262006,0.075397863,0.661904702,-0.12726405
1/30/2024,1007,-0.682146532,-0.446144093,0.045958379,0.620494037,-0.28260582,0.314826449,-0.218230564,-0.713753301,-1.25623897,1.112546753,-0.770687999,0.1670283,-0.407835234,0.03811698,0.764088043,0.178681396,-0.473318833,0.593626937,-0.297508878,0.294223301,0.303442527,0.822322363,1.541294859,1.422340367,0.688027495,0.79124202,-0.117936964,0.313492052,-0.132349556,0.851967688,-0.265874914,-0.862742093,-0.323944854
1/31/2024,1083,-0.607622613,0.93284674,-0.796784032,0.95806265,-0.940463911,-0.148053519,0.339155226,-1.098800699,-0.473968706,0.467328356,-0.685028976,0.447470878,0.070075957,0.187677201,0.803542676,0.219660604,3.390898411,0.575135196,-0.252456633,-0.086489661,-0.055352653,1.583821417,1.577419399,1.31245306,0.142519086,1.14731028,-0.781887821,-0.497404286,-0.31463943,0.860632379,-0.682227701,-0.960059973,2.954068549
2/1/2024,1046,0.323926372,0.0383662,-0.024270155,0.119105362,-1.226825668,-0.9125068,-1.637553143,-0.444220123,-0.591983617,1.220964598,-0.658737593,-1.122102905,-0.054515676,0.899989437,1.141608312,0.055743775,0.508289125,1.494679082,0.296751698,-0.287621037,1.396672914,0.844719394,1.733446666,1.477284021,-0.113187981,1.083726662,-0.647084537,-0.39747091,0.732160713,0.401124236,-0.645825271,-0.960059973,-0.750086596
2/2/2024,1088,0.332206807,0.378455155,0.326872516,0.014856231,-0.089118146,0.230666455,-0.608975242,-0.328705903,0.578049924,1.048201202,-0.931828736,-0.425519728,-0.402256504,0.413284991,0.09761579,-0.067193847,0.667281963,-1.223606958,-0.235293872,-0.776082949,6.507398634,2.283728635,3.433605857,1.275823957,-0.019428723,1.986614035,-0.646049759,-0.696391859,-0.086357989,0.135872881,-0.789159838,-0.149077636,0.397218095
2/3/2024,976,-0.352999224,-0.497390374,-0.726555498,0.263068447,-0.143294695,-0.674053483,0.896541016,-0.713753301,0.143080682,0.902762629,-0.43483678,-0.491107105,0.023586542,-0.16214162,-0.326398736,-0.25160028,0.68802016,0.206981428,-0.687961676,-1.063413486,1.821162987,0.835387298,1.037088516,1.367396713,-0.547889994,-0.213379141,-1.196927659,-1.007914378,-0.944672881,-0.353542421,-0.563919805,0.710563642,1.413402249
2/4/2024,691,0.187299187,-1.075075723,-1.428840841,-1.81694992,1.187900501,1.12837306,0.695422432,-1.060295959,-1.404600571,0.365962078,-0.731674979,0.519843156,-0.850414468,-0.53984455,-0.970114996,-0.47698592,0.342383555,-0.28557133,-0.582839769,-1.275319758,0.237747635,1.339320495,0.695058299,1.129307548,-0.709837803,-1.141699961,-1.314610079,-1.509046556,-1.047661922,-1.220570559,-1.025775629,-0.051759755,-0.12726405
2/5/2024,990,-0.410962272,0.266645088,-1.288383772,-1.077277517,-0.197471244,1.009146401,-0.471065356,-1.060295959,-0.821269728,0.642736089,-0.902144916,0.241662212,-0.450605496,-0.324376435,0.817949347,0.486025451,2.741101593,0.939926829,-0.492735277,-0.539035256,0.254592479,1.423309361,1.413706059,1.513913123,-0.309230065,0.015521883,-1.108030867,-0.60026826,-0.675574836,0.084723252,-0.889266519,1.52154598,-0.323944854
2/6/2024,744,-0.905718288,0.201422548,-0.09449869,-0.337605115,-1.157170105,-0.610933487,-1.401957088,-1.175810178,-0.949400203,1.013824812,-0.91741088,1.578287725,-0.435728883,0.33977234,0.911101573,0.240150207,-0.224460478,0.34314789,-0.615019944,-0.930523113,-0.245699392,1.190006955,2.610427515,1.257509406,-0.726884941,-0.098928629,-1.128256063,-1.848116692,-0.700429233,-0.616557727,-1.055352603,1.618863861,-0.323944854
2/7/2024,866,-0.593131851,0.872282954,0.537558119,1.846662382,0.104369528,-0.449626832,0.557512545,0.171855714,-0.28514485,0.990907219,-0.684180867,0.755053061,-0.16237112,0.035582061,-0.407763685,0.322108622,2.699625201,-0.537731445,-0.619310634,0.542045889,-0.223801095,1.628615479,1.834134213,1.678744084,0.040236259,-0.226095864,-0.923276052,-0.548982803,-0.699627478,-0.216304892,-0.818736812,-0.003100815,0.495558497
2/8/2024,924,-0.083885073,-0.674422981,-0.515869895,1.231096087,-0.120076174,0.118453129,0.390871433,-0.251696424,-0.919053511,1.032335176,-0.507774166,0.587692167,-0.03591991,0.687056242,-0.388609361,-0.231110676,-0.570097083,0.420476992,-0.63861874,0.222390667,-0.380458146,1.404645169,1.514393606,1.220880304,0.133995517,0.651358061,-1.282437907,-0.744746719,-0.743140894,-0.441027852,-0.859689545,-0.911401033,-1.045107802
2/9/2024,1014,0.12726603,-0.870090599,-0.515869895,0.133998095,-0.940463911,-1.396426767,-0.488304092,0.864941029,-1.296701225,0.990907219,-0.765599345,1.14631569,-0.071251866,0.39047072,0.615928527,-0.046704244,0.605067374,0.649102163,-0.713705816,0.279856774,-0.346768457,1.184407698,1.498252854,1.62380043,-0.130235119,0.498757379,-1.168330172,-0.98124594,-0.705677082,-0.59587427,-0.691328308,-0.149077636,2.036224796
2/10/2024,786,0.870435109,0.760472886,-0.515869895,-0.109249877,-1.807288689,0.34287978,-0.540020299,-0.020667985,1.211958585,0.944190586,-0.841081058,1.06715851,0.062637651,0.725080027,-1.223214014,-0.333558695,-0.00325305,0.407028452,-0.707269781,-0.998764116,-0.323185676,1.441973554,1.536683215,1.349082162,-0.616078545,-0.620314295,-0.67097849,-1.082351555,-1.344675609,-1.037494018,-1.22371384,0.710563642,-0.028923648
2/11/2024,689,-0.129427468,-1.023829442,-1.428840841,-0.12414261,-1.319699751,-0.653013484,0.609228753,-1.137305439,-1.165198896,0.544895595,-0.973386083,-0.522769976,-0.757435638,-0.496750927,-1.2553016,-0.169641865,0.992180372,0.13973873,-0.574258389,-1.598566612,-0.532061743,1.428908619,0.770381808,1.16593665,-1.911661017,-2.095454228,-1.681109447,-1.014361692,-1.317561722,-1.035537475,-1.592288438,-0.862742093,0.495558497
2/12/2024,705,-0.208091604,-1.144957015,0.116186913,-3.65E-05,-0.089118146,-0.098960189,0.390871433,-1.098800699,-1.316932352,1.005891799,-0.776624763,-1.409330384,-1.043810437,0.998851278,-0.16170429,0.342598226,-0.328151459,-0.295657735,-0.539932868,-1.041863696,-0.409094381,1.843253692,1.223860073,1.294138509,-1.101921972,-0.722048083,-0.943877531,-0.819476956,-0.956480542,-0.09751477,-0.880165911,-0.149077636,0.593898899
2/20/2024,783,0.021690479,-0.776915543,0.045958379,-0.605674308,-0.00398357,-0.344426839,-1.045689882,-0.713753301,-0.244682595,0.96710818,-0.735915525,0.006452308,1.083545214,0.572984887,1.022098426,0.137702189,3.473851196,1.188724809,1.354406803,0.409155516,-0.296233925,-0.719339936,-0.701501036,-0.738776676,0.287419757,0.00280516,-1.02120363,-1.165580525,2.443979969,0.274228435,-0.595771931,0.759222583,-0.848426998
2/21/2024,884,-0.907788397,0.047683705,-0.234955758,-0.556031865,-0.940463911,-0.232213513,-0.57449777,-0.94478174,-0.919053511,2.045997958,-0.687573304,3.267728094,1.126315476,1.825234869,1.4346531,0.670431884,4.31029178,3.126995559,0.579937243,0.222390667,-0.392249537,-0.719339936,-0.701501036,-0.738776676,0.287419757,0.727658403,-0.927038879,-0.859333082,0.661897843,1.00066497,-0.047460337,0.759222583,2.036224796
2/22/2024,1513,0.953239463,-0.17593643,0.39710105,0.327603623,3.029903155,-0.035840194,1.183853279,5.292986103,1.400782442,3.696064677,-0.828359421,0.856826577,3.817122841,1.913957034,1.71050811,0.793369506,1.241038728,1.309761664,1.133436264,0.243940457,-0.163159656,-0.719339936,-0.701501036,-0.738776676,3.730941588,1.516095263,-0.624507574,0.259862117,0.591853634,1.165853116,1.397261084,-0.862742093,-0.028923648
2/23/2024,1077,-0.725618818,0.248010076,0.256643982,-1.677951079,0.80866466,0.160533126,-0.436587884,0.595407851,1.710993063,2.292802809,-0.655345156,1.492345645,2.23462314,1.335995504,1.160926348,0.629452677,0.017485146,1.866194984,0.624989489,0.315773091,-0.21032522,-0.719339936,-0.701501036,-0.738776676,1.906897846,0.854825638,-1.147634623,-0.714561564,-0.028485874,0.600412135,0.332490021,-0.149077636,-1.143448205
2/24/2024,580,-0.437873687,-1.093710734,-0.867012567,-0.317748138,0.096630021,-0.344426839,0.32191649,0.364379412,-0.470596852,1.453666315,-0.48402711,1.087513213,1.308553984,1.077433767,-0.215401883,-0.272089884,-1.081639258,1.990593975,0.4254724,-0.04339008,-0.281073565,-0.719339936,-0.701501036,-0.738776676,-0.223994377,-1.116266514,-1.890322638,-0.689065365,-0.73279097,-0.160683164,-0.627624057,1.52154598,1.216721445
2/25/2024,464,-0.686286749,-0.795550554,-0.586098429,0.248175714,-1.497708411,-0.056880192,1.522881749,0.094846234,0.072271736,1.408712574,-0.635838646,0.381883501,0.992425959,1.688349243,-0.451474835,-0.313069091,-1.143853847,0.902943345,-0.130171965,-0.750941528,-0.538799681,-0.719339936,-0.701501036,-0.738776676,-0.718361372,-0.594880848,-1.904715452,-1.460398637,-1.177327529,-0.777273774,-1.007574415,-0.003100815,-0.12726405
2/26/2024,688,-0.568290545,-1.089051982,-0.937241101,0.541066128,-1.29648123,1.387866375,1.591836692,-0.367210643,0.449919449,1.320567984,-0.86822055,-0.224234329,0.546127571,1.510904914,1.36458429,-0.02621464,0.238692573,1.257648574,0.271007557,-0.636009313,-0.430992678,-0.719339936,-0.701501036,-0.738776676,0.125471948,0.091822225,-1.470297054,-1.184629409,-0.800721462,0.949235835,-0.623073753,0.710563642,0.495558497
2/27/2024,839,-0.446154122,-0.432167835,0.326872516,-0.421997268,-0.28260582,0.504186436,0.155275377,1.596531085,-0.372813069,-0.535757075,-0.596825626,-0.031995465,1.425707311,2.177588609,1.531406993,-0.436006713,-0.369627852,1.450971328,0.758000882,0.049992344,-0.257490783,-0.719339936,-0.701501036,-0.738776676,1.361389437,0.435173761,-0.785838789,-0.637779909,-0.962530146,0.943086699,-0.422860391,-0.051759755,-1.045107802
2/28/2024,837,0.808331844,0.81637792,2.082585873,0.699921946,0.413949806,0.027279802,-0.218230564,1.326997907,2.274092779,-0.779036142,-0.285569572,0.886227815,1.444303077,3.021716633,1.600329818,0.383577433,1.317078781,2.30159145,0.895302964,0.419930411,-0.139576874,-0.719339936,-0.701501036,-0.738776676,1.438101557,1.50337854,0.321373109,-0.210498788,-0.620180872,0.237613127,-0.43423615,1.52154598,1.216721445
2/29/2024,899,-0.388191074,1.771422247,1.661214667,2.214016461,0.677093042,1.037199733,-0.2354693,1.519521605,2.098756341,-0.786969156,-0.358506958,2.975977348,1.898039772,1.592022322,1.939868863,0.158191793,-0.653049868,1.763649871,1.616138898,0.549229152,0.000235332,-0.719339936,-0.701501036,-0.738776676,1.923944984,2.139214718,0.559465999,0.853601178,0.053365996,1.243835337,0.184605151,-0.003100815,-0.12726405
3/1/2024,1189,-0.497906844,1.403380775,-0.305184292,0.268032691,4.18308969,1.514106366,0.339155226,1.249988427,1.404154296,-0.786969156,-0.350025867,1.628043666,1.907337655,2.043237902,1.288785554,-0.005725036,0.259430769,0.803760367,3.443972872,0.114641715,-0.053668169,-0.719339936,-0.701501036,-0.738776676,1.617096504,1.986614035,0.155996855,0.710881078,2.953312889,2.019464958,0.632810065,0.710563642,-0.323944854
3/2/2024,1023,-0.543449239,-0.865431847,-0.234955758,0.263068447,0.731269591,0.328853115,1.810194012,-0.251696424,-0.490827979,-0.786969156,-0.135454254,0.295941421,1.436864771,0.091350279,-0.8060754,-0.067193847,-0.715264457,-0.008195204,1.566795962,-0.032615185,-0.018293996,-0.719339936,-0.701501036,-0.738776676,-0.343324341,-0.429563441,-0.743695125,0.669266593,0.417216874,0.06376029,0.248309403,-0.862742093,0.495558497
3/3/2024,811,-0.911928615,0.150176267,-0.937241101,-1.568737704,0.847362195,1.233573052,-1.264047201,0.287369933,0.915235382,-0.786969156,-0.406849179,0.447470878,0.032884425,0.735219703,-1.150362098,-0.497475524,-0.431842441,-1.146277856,1.18706989,-0.898198428,-0.326554644,-0.719339936,-0.701501036,-0.738776676,-0.931450594,-0.594880848,-1.111323341,-0.69521962,-0.619889325,-0.126024399,-0.541168287,-0.149077636,-1.045107802
3/4/2024,1119,0.752438904,1.002728032,1.169614927,0.317675134,0.336554736,-0.042853526,-0.01711198,1.211483687,0.837682726,-0.786969156,-0.61209159,-0.556694482,1.637699045,0.524821427,0.890964976,-0.313069091,0.280168966,1.309761664,1.867144267,0.366055935,-0.021662965,-0.719339936,-0.701501036,-0.738776676,0.398226152,0.231706184,0.111501423,0.409908711,0.264227492,1.68657311,0.107249989,1.52154598,2.855728147
3/5/2024,975,-0.336438353,-0.311040261,-0.024270155,-0.049678945,2.008288237,-0.561840157,0.356393961,0.364379412,-0.183989212,-0.786969156,-0.35681074,0.739221625,0.966391887,0.550170617,1.415335063,0.383577433,1.358555173,0.28431053,1.416621809,0.168516191,-0.188426922,-0.719339936,-0.701501036,-0.738776676,0.236278343,0.117255672,0.05430645,-0.134303252,0.003365655,0.831284231,0.148202722,-0.003100815,0.888920105
3/6/2024,922,0.284594303,0.802401661,0.326872516,0.248175714,0.282378187,-1.30525344,-0.200991829,0.325874673,-1.424831699,-0.786969156,-0.556964496,2.403784023,1.092843097,0.2409105,0.285229939,-0.149152262,0.383859947,1.054239414,1.309354557,-0.093672924,-0.217063157,-0.719339936,-0.701501036,-0.738776676,0.03171269,0.257139631,0.027590377,-0.55220646,-0.055745535,-0.009190821,-0.263599762,-0.911401033,-0.225604452
3/7/2024,946,0.170738316,0.490265223,0.326872516,-0.203570519,1.598094369,-0.162080185,-0.522781563,0.74942681,0.864657563,-0.786969156,-0.457735727,0.576383999,1.260204992,0.329632664,0.535218426,-0.436006713,0.667281963,0.180084349,1.448801985,-0.179872085,-0.12273203,-0.719339936,-0.701501036,-0.738776676,-0.368895048,0.269856354,-0.044091481,-0.765553961,0.207886,0.698518801,-0.202170662,0.661904702,-0.323944854
3/8/2024,1041,0.870435109,-0.380921554,1.87190027,0.977919628,1.396867188,-0.365466838,-0.827332562,2.020083222,1.512053643,-0.786969156,-0.06082065,2.496511005,2.067261244,0.788453002,0.251505232,0.158191793,0.68802016,0.208662495,1.077657293,-0.154730663,-0.230539033,-0.719339936,-0.701501036,-0.738776676,1.548907952,0.193556013,0.121002562,0.072889994,-0.184317841,1.344737065,-0.111164588,-0.051759755,-0.323944854
3/9/2024,960,0.90562696,0.33652638,0.748243722,0.38221031,0.576479452,-0.232213513,0.017365491,1.288493167,1.205214876,-0.786969156,-0.545090968,1.713985747,1.883163159,0.461448452,-0.478814768,-0.292579487,0.342383555,-0.038454418,1.19136058,-0.154730663,-0.198533829,-0.719339936,-0.701501036,-0.738776676,0.210707637,-0.098928629,-0.44266895,0.00665849,-0.584174796,0.402521767,-0.127090651,0.710563642,2.134565198
3/10/2024,744,-1.170692221,-1.545609758,-1.007469635,-1.941056028,0.870580716,-0.561840157,0.643706224,0.017836754,-1.17531446,-0.786969156,-0.099833671,-0.488845471,0.176071824,0.098955036,-0.988123335,-0.517965127,-0.023991247,0.366682834,0.633570869,-0.955664535,-0.249068361,-0.719339936,-0.701501036,-0.738776676,-1.059304128,-1.243433749,-1.474248022,-0.894207193,-1.040373242,-0.676372047,-0.507041009,-0.862742093,0.790579703
3/11/2024,962,-0.849825349,-1.084393229,-0.586098429,-0.968064143,-0.630883633,0.097413131,1.827432747,-0.059172725,0.031809481,-0.786969156,-0.335608011,1.191548363,0.533110535,0.758033974,0.383620955,0.035254171,-0.044729443,0.980272447,1.255720931,0.042809081,-0.075566466,-0.719339936,-0.701501036,-0.738776676,-0.027952292,0.295289802,-0.527520703,-0.127269817,-0.293793806,0.045033376,-0.045185185,0.661904702,-0.225604452
3/12/2024,668,0.150037228,-0.418191576,0.537558119,0.049605941,0.731269591,0.532239767,-0.689422676,0.402884152,-0.055858738,-0.786969156,-0.371228595,0.621616673,0.414097631,0.905059275,0.565832602,-0.087683451,-0.390366048,0.84746812,1.21710472,-0.061348239,-0.10757167,-0.719339936,-0.701501036,-0.738776676,1.080111664,0.371590143,-0.081437541,-0.473666446,-0.210994408,0.66497806,-0.011057907,0.759222583,0.495558497
3/13/2024,738,0.210070385,-0.581247925,0.256643982,0.650279503,-0.243908285,0.223653122,0.017365491,0.441388892,-0.571752489,-0.786969156,-0.328823138,1.372479059,1.368060436,1.039409982,1.021934714,0.035254171,-0.411104244,1.509808689,1.551778546,0.509721204,0.091197491,-0.719339936,-0.701501036,-0.738776676,0.381179015,0.625924614,0.059292196,0.513651864,0.206646925,2.61397458,0.691964013,-0.862742093,1.413402249
3/14/2024,883,-0.624183484,1.021363044,-0.234955758,0.833956543,1.358169653,-0.51976016,0.069081699,0.556903111,1.758199028,-0.786969156,-0.323734483,1.193809997,0.880851362,1.181365445,0.271314405,-0.333558695,-0.065467639,0.121246989,1.517453026,0.186474349,-0.078935435,-0.719339936,-0.701501036,-0.738776676,0.670980357,0.269856354,-0.215864542,0.53035627,0.326327041,1.205542992,0.500851258,-0.960059973,-0.12726405
3/15/2024,708,0.00098939,0.63468656,-0.305184292,-0.143999587,2.53457471,-0.779253476,-0.79285509,0.74942681,-0.12329583,-0.786969156,-0.217720841,-0.289821706,0.668859628,1.323320909,0.020016221,-0.415517109,-0.044729443,0.876046266,1.176343164,-0.341495512,-0.149683781,-0.719339936,-0.701501036,-0.738776676,0.040236259,0.00280516,-0.656115322,-0.117012726,-0.382278375,0.317551892,0.339315477,-0.149077636,-1.143448205
3/16/2024,654,-0.274335087,0.215398807,-0.305184292,0.85381352,-0.251647792,-0.449626832,-0.269946772,0.402884152,-0.919053511,-0.786969156,-0.056580105,1.883608274,0.559144607,0.134443902,-1.195546657,-0.599923542,-0.736002653,-0.586482401,1.114128158,-0.406144883,-0.161475172,-0.719339936,-0.701501036,-0.738776676,-0.880309181,-0.861932043,-1.024872386,-0.478062343,-0.727616007,0.004225476,-0.516141616,-0.911401033,-0.422285256
3/17/2024,523,-0.990592751,-1.922968736,-1.147926704,-0.253212962,-0.019462584,-0.056880192,2.637653329,0.094846234,0.220633338,-0.786969156,-0.250797097,-1.033899191,-1.172121223,-0.580403253,-1.267743725,-0.47698592,0.605067374,-0.845366786,1.015442286,-0.653967471,-0.264228721,-0.719339936,-0.701501036,-0.738776676,-1.101921972,-0.849215319,-1.581676739,-0.629281176,-0.895182748,0.155997326,-0.71863013,-0.960059973,-1.143448205
3/18/2024,825,0.377749202,0.0383662,0.326872516,0.963026895,0.437168326,-0.891466801,0.511542583,0.518398371,-0.551521362,-0.786969156,-0.361051285,-0.877846466,-0.402256504,-0.522100117,-0.00716,-0.005725036,-0.348889655,0.069133898,1.530325096,0.434296938,-0.099149248,-0.719339936,-0.701501036,-0.738776676,0.26184905,0.803958744,1.175346738,0.82810498,0.003292768,0.962652131,0.221007581,-0.960059973,-0.422285256
3/19/2024,739,1.586692773,1.585072134,0.467329585,1.747377496,0.483605368,-0.821333473,0.373632697,2.790178018,1.083828111,-0.786969156,-0.350025867,0.273325084,0.923621624,-0.380144653,0.281300847,0.055743775,-0.756740849,0.797036097,0.886721584,0.057175608,-0.173266563,-0.719339936,-0.701501036,-0.738776676,2.264887739,1.884880247,1.911826089,-0.31482806,-0.073457026,2.016669896,6.657412146,0.661904702,1.315061847
3/20/2024,671,1.659146583,0.108247492,0.607786653,0.828992298,0.096630021,0.251706453,-1.637553143,1.211483687,0.173427374,-0.786969156,0.140181216,0.567337464,0.603774446,-0.745172988,0.064873356,-0.313069091,0.950703979,0.753328344,-0.175224211,-0.194238612,-0.043561262,-0.719339936,-0.701501036,-0.738776676,0.585744668,-0.264246035,1.151076503,-0.212843266,-0.668067496,0.917092625,1.820439327,-0.862742093,-0.12726405
3/21/2024,1099,2.895001569,0.727861616,0.818472256,0.709850435,2.17855739,0.553279766,2.838771913,3.444758594,0.618512179,-0.786969156,0.474336216,1.033234005,0.919902471,-0.283817731,0.730527047,-0.108173055,0.017485146,0.412071655,2.521474505,0.613878523,0.023818114,-0.719339936,-0.701501036,-0.738776676,2.887108268,1.605112328,2.006461193,1.600024371,3.465852828,1.462409162,1.445039273,-0.960059973,-1.143448205
3/22/2024,1238,2.164253143,-0.571930419,1.029157859,1.082168758,2.43396112,0.048319801,3.976528474,2.597654319,0.143080682,-0.742896861,0.168168817,-0.070443238,0.081233417,0.537496022,-0.227352871,-0.333558695,-0.390366048,-0.700794986,0.605681384,-0.12599761,-0.006502605,-0.719339936,-0.701501036,-0.738776676,1.378436575,0.091822225,2.295822603,0.814331171,0.385073798,0.91234102,0.31883911,-0.149077636,-1.241788607
3/23/2024,925,2.317441199,1.123855606,0.467329585,1.250953065,1.273035077,-0.71613348,0.293185264,1.326997907,0.787104908,-0.784324818,0.254675949,-0.364455618,-0.908061344,-1.399182087,-1.138574821,-0.579433938,-0.411104244,0.746604074,0.13156013,-0.503118939,-0.119363061,-0.719339936,-0.701501036,-0.738776676,0.381179015,-0.264246035,2.225269593,0.731395261,-0.434319546,0.122456585,-0.120265196,-0.911401033,0.397218095
3/24/2024,753,1.261685683,0.415725178,0.467329585,0.272996935,0.940236278,-0.624960153,0.356393961,0.78793155,-0.521174671,-0.786969156,0.100320086,-0.491107105,-0.967567795,-0.755312664,-1.484334929,-0.620413146,-1.793650664,-1.684219435,-0.336125089,-0.833549057,-0.478158242,-0.719339936,-0.701501036,-0.738776676,-0.343324341,-1.167133408,0.926717932,-1.644147103,-0.835925784,-0.915070316,-0.741381649,-0.960059973,-0.225604452
3/25/2024,1006,1.131268825,0.18744629,1.590986133,-0.094357144,0.53004241,-0.253253512,1.235569486,0.71092207,-1.107877368,-0.786969156,-0.110859089,-0.724055375,-0.543584327,-1.155829864,-0.708011809,-0.210621073,-0.49405703,-0.742821672,0.16159496,-0.287621037,-0.070513013,-0.719339936,-0.701501036,-0.738776676,0.219231206,-0.149795523,2.293094553,1.466389123,-0.005016326,1.764555331,0.277886377,-0.960059973,-0.323944854
3/26/2024,987,0.510236169,0.639345313,1.029157859,0.372281822,0.870580716,-0.9125068,-0.149275621,-0.251696424,-0.295260413,-0.786969156,0.099471977,0.506273354,1.133753782,0.494402399,0.461056812,0.137702189,-0.411104244,0.079220303,1.107692123,0.890434165,0.124887179,-0.719339936,-0.701501036,-0.738776676,0.457891135,-0.3532631,1.170925417,1.866708747,0.264810587,1.537596322,0.798896149,-0.960059973,-0.323944854
3/27/2024,888,0.746228578,0.345843885,0.88870079,1.1764894,2.0779438,0.405999776,-0.522781563,0.325874673,0.429688322,-0.786969156,0.466703234,0.354743897,1.236030496,0.066001089,0.233660605,-0.292579487,-0.756740849,-0.463764478,2.01731842,-0.129589241,0.044031927,-0.719339936,-0.701501036,-0.738776676,-0.010905154,0.295289802,2.19432034,1.087755922,0.197754736,2.36661162,0.712440379,0.661904702,-0.323944854
3/28/2024,1085,1.973803129,0.653321571,1.38030053,1.638164121,0.669353535,-0.477680163,0.034604227,1.365502646,-1.047183985,-0.786969156,0.592223387,0.22809241,0.155616481,-0.960641102,-0.299713652,-0.415517109,-0.777479046,-1.171493868,0.839523993,-0.097264556,-0.058721622,-0.719339936,-0.701501036,-0.738776676,0.49198541,-0.251529312,1.832054153,0.424854759,0.338717796,0.866502009,0.471274284,1.57020492,0.495558497
3/29/2024,1063,1.75437159,0.811719167,1.450529065,1.186417889,1.257556063,-0.779253476,0.356393961,1.326997907,0.041925045,-0.786969156,0.666008882,-1.022591023,0.120284526,-0.631101633,-0.510738641,-0.374537902,-1.468752256,0.133014461,0.4254724,-0.330720617,-0.105887186,-0.719339936,-0.701501036,-0.738776676,0.49198541,-0.086211905,1.97570008,0.871477823,-0.315805618,0.731500529,0.334765173,-0.003100815,-0.225604452
3/30/2024,801,1.607393861,0.825695425,1.87190027,1.002740849,1.350430147,0.251706453,0.086320434,1.288493167,0.955697637,-0.786969156,0.885669149,-0.871061565,-1.077282816,-1.401717006,-1.667528849,-0.538454731,-0.818955438,-1.467361736,0.451216541,-0.460019359,-0.099149248,-0.719339936,-0.701501036,-0.738776676,-0.258088652,-0.976382555,1.590762859,-0.769949857,-0.614349929,0.701034356,-0.491114946,-0.911401033,-1.143448205
3/31/2024,629,0.352907896,0.825695425,0.537558119,0.119105362,-0.197471244,0.202613123,-1.080167353,-0.636743822,-0.173873648,-0.786969156,0.550666039,-0.744410078,-1.733713362,-1.437205872,-1.728102353,-0.354048298,0.605067374,-1.736332525,-0.040067474,-1.440534816,-0.372035724,-0.719339936,-0.701501036,-0.738776676,-2.158844514,-1.891986651,0.433505359,-1.602825678,-0.699117271,-0.460593284,-0.766408319,-0.149077636,0.397218095
4/1/2024,1062,0.66963455,0.243351324,1.239843462,0.63538677,0.197243611,-0.169093518,1.43668807,0.248865193,-0.581868053,-0.786969156,0.655831572,0.280109985,-0.958269912,0.027977304,-0.507955534,-0.395027505,-0.348889655,0.018701875,1.849981507,-0.057756607,0.074352647,-0.719339936,-0.701501036,-0.738776676,0.381179015,-0.086211905,1.800070122,0.389980648,3.185238669,2.292821992,0.437147006,-0.911401033,-1.045107802
4/2/2024,752,1.760581917,1.105220594,0.678015188,0.585744327,-0.507051522,-0.9125068,1.591836692,1.018959988,-0.264913722,-0.786969156,0.525222765,0.22809241,-0.625405698,-0.304097083,-0.51663228,-0.231110676,0.280168966,-0.211604363,-0.046503509,-0.704250315,-0.053668169,-0.719339936,-0.701501036,-0.738776676,0.142519086,-0.327829653,2.003733143,0.48288059,0.116777507,1.27430151,-0.168043384,-0.960059973,-1.241788607
4/3/2024,903,1.160250349,-0.064126362,0.467329585,0.446745486,1.334951133,-0.646000152,-1.5685982,-0.521229602,0.092502864,-0.786969156,0.8254534,1.125960986,0.146318598,-0.23818919,-0.194119301,-0.436006713,-0.369627852,-0.652044031,-0.269619393,-0.226563298,-0.068828529,-0.719339936,-0.701501036,-0.738776676,0.040236259,0.091822225,1.907310696,1.594749296,-0.001153326,1.831916318,0.246034251,1.47288704,1.216721445
4/4/2024,909,-0.065254093,-0.450802846,0.116186913,-0.560996109,-0.367740396,-1.129920118,0.54027381,-0.521229602,1.292883095,-0.786969156,0.185131,-2.438373715,-1.484530095,-2.060795944,-1.124004438,-0.866288389,-0.756740849,-1.013473529,0.007130117,-0.161913927,-0.090726826,-0.719339936,-0.701501036,-0.738776676,-1.391723314,-1.192566855,0.447710032,1.33920119,0.174941169,1.101007685,0.148202722,-0.814083153,-0.9467674
4/5/2024,738,1.195442199,-0.245817722,-0.796784032,0.933241429,0.754488111,-0.842373471,2.11474501,1.172978948,-0.32223525,-0.786969156,1.163848946,-0.506938541,-0.435728883,-0.633636552,-0.624354889,-0.395027505,0.259430769,-0.445272736,-0.314671639,-0.84073232,-0.104202701,-0.719339936,-0.701501036,-0.738776676,0.466414704,0.498757379,0.859081114,-0.570376165,-0.394231809,0.426000285,-0.090688222,0.661904702,-1.241788607
4/6/2024,848,1.311368295,-0.567271666,0.256643982,0.009891987,0.143067062,-0.098960189,0.764377375,1.172978948,-0.423390888,-0.786969156,1.566700787,-0.491107105,-0.749997331,-1.069642619,-1.794242071,-0.640902749,-0.023991247,-2.091037754,-0.434810961,-0.768899686,-0.181688985,-0.719339936,-0.701501036,-0.738776676,-0.368895048,-1.256150473,0.691447163,-0.200241696,-0.596638437,0.164662017,-0.254499154,0.759222583,-1.241788607
4/7/2024,696,0.58061987,-0.725669262,0.88870079,-0.372354825,-0.91724539,0.335866447,-1.045689882,-0.82926752,-0.423390888,-0.786969156,0.81527609,-0.497892006,-2.153977677,-0.76545234,-1.539014794,-0.763840371,-0.736002653,-2.107848428,-0.756612717,-1.146021016,-0.321501191,-0.719339936,-0.701501036,-0.738776676,-1.88609031,-1.230717026,0.260979733,-0.537553473,-1.127837396,-0.785099947,-0.809636204,0.759222583,-1.241788607
4/8/2024,914,0.804191626,-0.273770239,1.310071996,0.714814679,0.321075722,-0.148053519,1.149375807,0.364379412,1.431129133,-0.786969156,0.996771446,-1.063300429,-1.339483119,-0.909942722,-1.281986684,-0.579433938,-0.777479046,-1.514431624,-0.076538339,-0.873057006,-0.131154452,-0.719339936,-0.701501036,-0.738776676,-0.922927026,-0.823781872,1.115423716,0.158463442,-0.248020899,0.626126703,-0.256774306,-0.862742093,3.675231497
4/9/2024,893,0.065162765,0.946822999,1.590986133,0.972955383,-0.677320674,-1.087840121,0.712661167,-0.174686944,0.36225123,-0.786969156,0.987442245,-0.305653142,0.125863256,-0.425773195,-0.932133772,-1.050694822,-0.431842441,0.370044969,-0.168788176,-0.811999267,-0.159790687,-0.719339936,-0.701501036,-0.738776676,-0.326277203,-0.442280165,0.697843969,0.098972312,-0.258953919,0.867899539,-0.179419144,-0.149077636,0.167757156
4/10/2024,739,0.023760588,1.668929685,1.029157859,0.615529793,-0.429656452,-0.316373508,0.678183696,-0.598239082,-0.214335903,-0.786969156,1.13077269,0.420331274,0.10168876,-0.301562164,-0.077065097,-0.722861164,-0.411104244,-1.284125386,0.835233303,-0.675517262,-0.166528625,-0.719339936,-0.701501036,-0.738776676,-0.266612221,0.600491167,0.481481406,-0.317465598,1.901847991,0.779296084,-0.345505228,-0.100418695,-1.143448205
4/11/2024,763,1.01327262,0.690591594,0.116186913,-0.918421699,0.197243611,-1.087840121,0.965495959,1.481016866,0.261095593,-0.786969156,0.576109313,-0.330531112,0.358310333,-0.230584433,-0.886458076,-0.333558695,-0.756740849,-1.221925891,0.215228586,-0.495935676,-0.171582078,-0.719339936,-0.701501036,-0.738776676,1.003399544,0.371590143,0.14564908,-0.034369876,0.552130331,0.004784488,-0.179419144,-0.911401033,0.397218095
4/12/2024,1000,-0.007291045,0.098929986,0.88870079,1.012669338,0.460386847,-1.543706756,0.408110169,0.402884152,-0.551521362,-0.786969156,1.291913426,-0.151862051,-0.166090273,0.220631148,0.052431231,-0.763840371,-0.777479046,-0.287252398,-0.273910083,-0.431286305,-0.067144044,-0.719339936,-0.701501036,-0.738776676,-0.283659359,0.269856354,0.116769381,-0.323619852,-0.188982596,1.048740031,5.187664055,-0.960059973,-0.225604452
4/13/2024,810,0.528867148,-0.306381509,-0.375412827,-0.843958035,-0.870808348,-0.183120183,-0.200991829,0.017836754,-0.264913722,-0.786969156,1.301242627,-0.364455618,-0.744418601,-0.866849099,-1.263323496,-0.948246804,-0.086205836,-0.315830544,-0.327543709,-0.941298008,-0.043561262,-0.719339936,-0.701501036,-0.738776676,-1.255346212,-1.001816002,-1.017346732,-1.030773038,-0.319231298,0.429354359,1.181121659,-0.960059973,-0.323944854
4/14/2024,616,-1.253496576,-1.512998488,-0.515869895,-1.717665034,0.127588048,0.160533126,-1.097406089,-1.137305439,-0.919053511,-0.786969156,1.036632575,-1.735005636,-0.526848137,-0.813615801,-2.270808203,-0.845798786,0.300907162,-0.99330072,-0.542078213,-1.393843604,-0.34003052,-0.719339936,-0.701501036,-0.738776676,-1.996896706,-1.612218733,-1.555713231,-1.804743848,-0.54700253,-0.645905875,0.164128785,-0.960059973,-1.143448205
4/15/2024,911,-0.131497576,-0.022197587,0.045958379,1.186417889,-0.507051522,-1.045760124,-0.287185507,-0.752258041,-0.116552121,-0.786969156,1.620979772,-0.007117494,-0.632844004,-1.487904252,-1.21306386,-0.558944335,0.321645358,-0.277165993,0.850250718,-0.718616842,-0.166528625,-0.719339936,-0.701501036,-0.738776676,-0.957021301,-1.205283579,-0.074100028,-0.793687698,1.582530945,-0.148943905,0.523602776,-0.149077636,-0.422285256
4/16/2024,821,0.2369818,0.755814133,0.39710105,0.675100725,0.561000438,-0.842373471,0.626467489,0.094846234,0.102618427,-0.786969156,1.143494327,2.023829563,0.233718699,-1.064572781,0.138871258,-0.784329975,-0.715264457,0.356596429,-0.40477613,-0.1475474,-0.328239129,-0.719339936,-0.701501036,-0.738776676,0.168089792,0.091822225,0.74083427,1.599438252,-0.224041144,0.331806706,0.78752039,-0.100418695,-0.323944854
4/17/2024,730,0.831103041,-0.106055138,1.029157859,0.943169917,0.506823889,0.076373132,2.976681799,0.441388892,-1.067415113,-0.786969156,1.225760913,-0.687869236,-0.357626665,-0.496750927,0.060453127,-0.579433938,-1.468752256,-0.196474756,-0.413357511,-0.416919778,-0.075566466,-0.719339936,-0.701501036,-0.738776676,0.969305268,-1.319734091,1.024175156,0.332540936,-0.340149808,-0.102545881,0.560005206,0.710563642,0.495558497
4/18/2024,1014,1.054674797,-0.101396385,1.450529065,0.243211469,-0.677320674,0.88290641,-0.045843207,-0.213191684,-0.463853143,-0.786969156,1.391990304,0.160243399,0.627948942,0.197816877,0.026564707,-0.558944335,-1.510228648,-0.483937287,-0.280346118,-0.179872085,-0.286127018,-0.719339936,-0.701501036,-0.738776676,0.381179015,-0.645747742,1.269041135,1.347113804,-0.187087539,0.093387944,0.767044023,-0.862742093,-1.045107802
4/19/2024,1040,2.108360204,2.707831563,1.450529065,0.402067287,-0.236168778,-0.084933524,1.488404277,0.595407851,0.0823873,-0.786969156,1.261381497,-0.570264284,0.430833821,-0.676730175,0.982807505,-0.395027505,0.909227587,-0.162853408,1.19565127,-0.438469569,-0.233908002,-0.719339936,-0.701501036,-0.738776676,0.56869753,-0.747481531,2.181244515,0.944156642,2.231004755,-0.466183408,1.033236789,1.47288704,-0.422285256
4/20/2024,841,1.922050407,0.946822999,0.88870079,0.307746646,-0.166513216,-1.263173442,-0.419349148,-0.290201164,-0.055858738,-0.786969156,0.734705722,-1.409330384,-0.491516181,-1.551277227,-1.685537188,-1.214611651,0.363121751,-0.647000828,-0.263183358,-0.653967471,-0.326554644,-0.719339936,-0.701501036,-0.738776676,-0.922927026,-1.981003716,1.139223598,0.139414558,-0.102611744,0.114350906,0.286986984,-0.814083153,-0.323944854
4/21/2024,751,0.280454086,0.695250347,0.88870079,0.541066128,-1.520926932,-0.688080149,0.609228753,-0.790762781,-1.583308864,-0.786969156,0.822060963,-0.099844476,-0.78346971,-1.959399184,-1.849085648,-1.132653237,-1.406537667,-2.106167361,-0.415502856,-1.17475407,-0.333292582,-0.719339936,-0.701501036,-0.738776676,-1.451388297,-2.120887675,0.076318989,-1.079420957,-0.375208356,-0.771124639,-0.222647029,-0.149077636,-0.323944854
4/22/2024,921,-0.067324202,2.675220293,1.310071996,0.074427163,-0.909505883,-0.603920155,-0.471065356,-0.405715383,-0.157014376,-0.786969156,0.818668527,-0.696915771,0.774855495,-0.4130986,0.549297673,-0.681881956,0.563590982,-1.099207968,0.496268787,0.032034186,-0.023347449,-0.719339936,-0.701501036,-0.738776676,0.057283397,-0.950949107,1.079488716,0.271584507,1.107892139,1.269829411,0.560005206,-0.100418695,-0.323944854
4/23/2024,669,0.069302982,-0.115372643,-0.305184292,-0.357462092,-0.429656452,0.097413131,0.896541016,-0.174686944,-1.077530677,-0.786969156,0.794921471,-1.52919697,-0.709086646,-0.349725625,-0.149917014,-0.517965127,-1.38579947,-0.10905925,-0.364014575,-0.463610991,-0.230539033,-0.719339936,-0.701501036,-0.738776676,0.193660499,-1.141699961,1.110343899,-0.141336686,-0.136504104,0.445286211,-0.165768232,-0.100418695,-1.143448205
4/24/2024,538,1.019482947,0.918870482,1.87190027,1.583557434,-0.963682432,-0.344426839,0.120797906,-0.059172725,0.547703232,-0.786969156,1.089215342,0.232615677,1.554018098,0.395540558,0.560757525,-0.722861164,0.217954377,0.198576091,-0.269619393,-0.865873742,-0.316447738,-0.719339936,-0.701501036,-0.738776676,1.267630179,-0.315112929,1.456429929,0.502808653,-0.256621541,0.332365719,0.255134859,0.710563642,1.216721445
4/25/2024,904,0.19971984,0.970116763,0.748243722,3.062902238,0.514563396,-0.407546835,0.643706224,0.864941029,-0.362697505,-0.786969156,1.040025012,-1.241969491,0.269050655,-0.400424005,0.483649092,-0.681881956,-0.023991247,-0.963041506,1.114128158,0.757543792,0.072668162,-0.719339936,-0.701501036,-0.738776676,1.455148695,-0.760198254,0.616566902,1.290553271,0.028876033,0.133357326,2.646319446,-0.051759755,1.511742652
4/26/2024,961,0.605461176,-0.32501652,0.537558119,0.605601304,0.506823889,-0.056880192,-0.758377619,-0.059172725,-0.591983617,-0.786969156,1.665929556,-0.319222944,0.544267994,-0.823755476,0.075187223,-0.763840371,-0.736002653,-0.781486223,-0.299654223,-0.072123134,-0.067144044,-0.719339936,-0.701501036,-0.738776676,1.122729508,-0.70933136,0.494369089,1.218167512,-0.143355462,-0.605097974,0.955881626,-0.100418695,1.511742652
4/27/2024,782,0.253542671,0.220057559,0.467329585,-0.451782734,0.096630021,0.160533126,-0.844571298,0.171855714,-1.107877368,-0.786969156,1.657448465,0.307249589,-0.329733016,-0.988525211,-1.225833409,-1.091674029,-1.814388861,-0.682303245,-0.709415126,-0.847915584,-0.188426922,-0.719339936,-0.701501036,-0.738776676,-0.641649252,-1.535918391,-0.478792091,-0.928202124,-0.71959846,-0.173540448,0.089048774,-0.911401033,-0.12726405
4/28/2024,624,0.824892714,-0.394897812,0.537558119,-0.66524524,-0.723757716,-0.169093518,-0.557259035,-0.790762781,-0.96963133,-0.786969156,0.75675656,-0.111152644,-0.441307613,-0.813615801,-1.834515265,-0.989226011,-0.148420425,-1.349687016,-0.492735277,-0.869465374,-0.333292582,-0.719339936,-0.701501036,-0.738776676,-1.400246883,-2.120887675,-0.960245829,-0.455789801,-0.60407289,-1.123302412,-0.129365803,-0.960059973,-0.323944854
4/29/2024,950,-0.34264868,-0.362286542,0.186415448,0.188604782,-0.042681105,-0.561840157,-1.68926935,-1.098800699,-0.116552121,-0.786969156,1.413193033,-0.138292249,0.116565373,-0.473936656,-0.442143241,-0.661392353,-1.081639258,0.038874684,1.847836162,0.028442554,-0.045245747,-0.719339936,-0.701501036,-0.738776676,-0.709837803,-0.849215319,-0.195451204,0.430129834,3.278825313,-0.036023413,0.391643969,4.716816391,2.134565198
4/30/2024,986,0.646863353,1.864597303,1.661214667,1.285702775,1.017631348,-0.954586797,0.54027381,-0.444220123,1.282767531,-0.786969156,1.292761535,1.105606283,1.857129086,0.958292574,1.435962797,-0.456496316,0.238692573,0.881089469,0.371838774,0.538454257,0.114780273,-0.719339936,-0.701501036,-0.738776676,0.602791806,0.447890484,0.359942088,2.8988652,1.120574441,0.689574603,1.472341095,-0.619447391,-0.028923648
5/1/2024,803,0.369468766,1.547802112,1.239843462,0.536101884,0.359773257,-0.47066683,0.965495959,0.094846234,-0.490827979,-0.786969156,1.14010189,-0.968311814,0.756259729,-0.585473091,1.265211001,-0.517965127,-1.406537667,0.085944573,1.564650617,0.283448406,-0.030085387,-0.719339936,-0.701501036,-0.738776676,0.577221099,0.00280516,0.987769803,2.662952098,3.058051213,0.728984973,1.215248937,-0.960059973,0.495558497
5/2/2024,868,-0.094235617,0.313232616,0.186415448,-0.560996109,0.460386847,-0.933546798,0.120797906,-0.174686944,0.072271736,-0.786969156,1.294457753,-0.531816511,0.274629385,-0.220444757,0.54455002,-0.968736407,-1.164592043,-0.720967795,0.311769113,-0.129589241,-0.03513884,-0.719339936,-0.701501036,-0.738776676,0.125471948,-0.1370788,0.64262448,2.200503807,0.894260944,0.603207197,1.226624696,-0.960059973,-0.225604452
5/3/2024,851,0.735878034,0.522876492,1.661214667,1.181453644,0.290117694,-1.172000115,-1.080167353,0.017836754,-0.561636926,-0.786969156,1.866083313,-1.063300429,-0.136337047,-0.025255994,-0.545445622,-0.763840371,-0.798217242,-0.43014313,-0.050794199,-0.312762459,-0.075566466,-0.719339936,-0.701501036,-0.738776676,-0.215470808,-0.213379141,0.704428917,1.47078502,-0.055745535,-0.186956744,0.946781019,-0.960059973,-0.323944854
5/4/2024,710,-0.038342678,0.215398807,-0.09449869,0.16378356,0.0734115,-0.491706829,0.287439018,-0.790762781,-0.77069191,-0.786969156,1.508181256,-1.323388304,-0.55288221,-1.024014077,-1.475985608,-1.009715615,-0.431842441,-2.091037754,-0.492735277,-0.747349896,-0.131154452,-0.719339936,-0.701501036,-0.738776676,-1.749713208,-1.663085627,-0.588666645,0.505446191,-0.654802099,-0.946654513,-0.033809426,-0.149077636,-0.323944854
5/5/2024,556,-1.230725378,-0.525342891,-1.288383772,-1.350310954,-0.91724539,-0.582880156,-1.35024088,-1.445343357,-0.106436557,-0.786969156,1.075645596,-0.997713052,-0.876448541,-1.335809113,-1.331591472,-0.907267597,-1.448014059,-1.18326134,-0.778066167,-1.077780013,-0.276020112,-0.719339936,-0.701501036,-0.738776676,-2.244080203,-2.159037846,-1.212167109,-0.385162401,-0.928346239,-1.296875744,-0.584396172,-0.100418695,-0.323944854
5/6/2024,747,-0.119076923,-1.540951005,0.256643982,-0.273069939,0.514563396,-0.253253512,0.557512545,-0.752258041,-2.257679781,-0.786969156,1.263077715,-0.185786556,-0.212579689,-1.802234207,-0.501243335,-0.886777993,-0.473318833,-1.290849655,0.674332425,-0.736575001,-0.185057953,-0.719339936,-0.701501036,-0.738776676,-0.829167768,-1.81568631,-0.365342852,0.473209618,1.51715149,-0.826187354,0.261960314,-0.100418695,0.495558497
5/7/2024,644,0.392239964,1.258959437,0.116186913,0.248175714,-0.073639132,-0.386506836,0.390871433,-0.790762781,-0.36606936,-0.786969156,1.927147171,1.331769652,1.451741384,-0.144397187,0.963980605,-0.70237156,-0.756740849,0.548238117,-0.078683684,-0.503118939,-0.242330424,-0.719339936,-0.701501036,-0.738776676,0.585744668,0.473323931,0.510549246,0.16139404,0.210655698,-0.880691057,0.332490021,-0.911401033,-0.225604452
5/8/2024,671,0.176948643,0.094271233,0.537558119,-0.079464411,0.026974458,-1.459546762,0.086320434,-0.752258041,-1.424831699,-0.786969156,2.024679722,-0.050088534,-0.171669003,-0.572798496,0.320428056,-1.296570066,0.605067374,-0.937825494,-0.509898037,-0.754533159,-0.218747642,-0.719339936,-0.701501036,-0.738776676,-0.471177874,-0.569447401,-0.131483142,-0.344134035,-0.477905849,-0.480438222,0.086773622,0.661904702,0.495558497
5/9/2024,676,0.197649731,1.89254982,1.099386393,-3.65E-05,0.824143674,-0.884453469,0.643706224,-0.059172725,-0.146898812,-0.786969156,1.454750381,-0.703700672,0.401080595,-0.83896499,0.072076691,-0.9277572,1.37929337,-0.10905925,-0.241729907,-0.434877937,-0.238961455,-0.719339936,-0.701501036,-0.738776676,-0.437083599,1.045576492,0.052801319,0.462073347,-0.196927256,-0.581898962,0.309738503,-0.051759755,-0.225604452
5/10/2024,842,0.514376386,1.314864471,0.39710105,0.387174554,-0.437395959,-0.975626796,-0.183753093,0.479893632,1.282767531,-0.786969156,1.979729938,-0.398380123,-0.526848137,-1.495509009,-1.053444492,-1.071184426,-0.998686473,-0.137637396,-0.323253019,-0.301987563,-0.228854548,-0.719339936,-0.701501036,-0.738776676,-0.343324341,1.020143045,0.108679303,1.699078568,-0.316388713,-0.435717235,0.280161529,-0.911401033,-1.143448205
5/11/2024,743,0.137616575,0.63468656,1.87190027,0.680064969,-0.212950257,-0.47066683,0.051842963,-1.175810178,0.857913854,-0.786969156,2.347809304,-1.848087321,-1.486389672,-2.458778226,-1.750530921,-0.825309182,0.238692573,-1.73969466,-0.64290943,-0.5893181,-0.405725412,-0.719339936,-0.701501036,-0.738776676,-0.73540851,-0.251529312,-0.608421488,0.480829172,-0.718286497,-0.831777477,-0.154392473,0.661904702,-0.422285256
5/12/2024,564,0.39845029,-0.483414116,0.326872516,1.206274866,-0.553488563,-0.758213477,-0.218230564,-1.214314918,-0.858360129,-0.786969156,1.492915292,-1.144719242,-2.098190379,-2.185006975,-1.526408957,-0.886777993,-1.406537667,-1.66740876,-0.709415126,-1.167570806,-0.582596276,-0.719339936,-0.701501036,-0.738776676,-1.860519603,-0.798348425,-0.820927153,-0.358493963,-0.72368012,-1.834366107,-0.784609534,-0.862742093,-1.143448205
5/13/2024,733,0.797981299,0.555487762,0.958929325,1.762270229,0.17402509,-0.624960153,-0.2354693,0.518398371,-1.296701225,-0.786969156,1.81010811,-0.079489772,-0.625405698,-1.062037862,-0.643018076,-1.030205218,0.563590982,-0.312468409,1.045477117,-0.025431922,-0.254121815,-0.719339936,-0.701501036,-0.738776676,0.006141983,0.75309185,0.514123932,1.119699435,1.937781181,-0.188074769,-0.033809426,-0.960059973,-0.422285256
5/14/2024,749,1.462486242,1.044656808,0.678015188,0.580780083,1.234337542,-0.428586833,0.339155226,-0.405715383,-0.642561436,-0.786969156,1.648967373,-0.018425663,-0.255349951,0.461448452,1.43088772,-0.763840371,-0.00325305,0.776863288,0.047891673,-0.355862039,-0.240645939,-0.719339936,-0.701501036,-0.738776676,-0.096140843,0.905692532,0.561911837,0.903421336,0.599579634,0.123854116,-0.061111248,-0.960059973,-1.143448205
5/15/2024,722,-0.067324202,1.086585583,1.099386393,1.052383292,-0.00398357,-0.582880156,1.522881749,-0.213191684,-0.77069191,-0.786969156,1.220672258,0.433901076,0.650263862,-1.018944239,-0.003067196,-0.722861164,0.646543767,-0.255312116,-0.301799568,-0.172688822,-0.356875364,-0.719339936,-0.701501036,-0.738776676,1.02897025,0.96927615,0.400016197,0.694469732,-0.036940742,-0.185000201,-0.259049458,0.661904702,-1.241788607
5/16/2024,839,0.516446495,0.737179122,0.467329585,-0.238320229,0.800925153,-0.954586797,0.155275377,0.248865193,-0.443622015,-0.786969156,1.978033719,1.591857527,1.500090376,-0.519565198,1.540738587,-0.640902749,1.033656765,0.267499855,-0.385468025,-0.636009313,-0.308025316,-0.719339936,-0.701501036,-0.738776676,0.372655446,0.740375126,0.296350309,0.741652352,-0.160848293,-0.53969353,0.091323926,-0.862742093,-0.422285256
5/17/2024,881,0.557848672,0.112906245,0.537558119,0.09428414,1.690968452,-0.821333473,0.643706224,0.82643629,-1.434947263,-0.786969156,1.989907247,-0.036518732,0.10168876,-0.752777745,0.280154862,-0.558944335,1.400031566,0.554962386,-0.447683031,-0.039798448,-0.139576874,-0.719339936,-0.701501036,-0.738776676,0.423796859,0.269856354,-0.005616573,1.096840774,-0.191825181,-0.993052537,0.016243915,-0.960059973,-1.143448205
5/18/2024,800,-0.069394311,-0.77225679,-0.164727224,-0.963099898,-0.924984897,0.076373132,-0.471065356,-0.405715383,0.696064834,-0.786969156,1.916121752,-0.590618987,-1.936407213,-1.044293429,-1.438495521,-0.763840371,-0.653049868,-0.270441723,-0.460555101,-0.413328147,-0.424254741,-0.719339936,-0.701501036,-0.738776676,-0.829167768,0.117255672,-0.620744747,0.619739495,-0.415660527,-0.837367601,-0.443336757,-0.149077636,-1.241788607
5/19/2024,625,1.098147083,-0.171277677,0.045958379,-1.097134495,1.26529557,-0.51976016,-1.114644825,-0.636743822,-0.858360129,-0.786969156,1.145190545,-0.391595222,-1.369236345,-1.961934103,-1.585836475,-0.886777993,-0.086205836,-1.329514206,-0.582839769,-0.934114745,-0.365297786,-0.719339936,-0.701501036,-0.738776676,-1.067827697,-0.989099278,-0.66128921,0.39935856,-0.56019504,-1.623059443,-0.566194957,-0.911401033,0.397218095
5/20/2024,825,0.263893215,0.378455155,1.38030053,-0.724816171,1.760624015,0.272746452,0.574751281,-0.675248561,-0.622330308,-0.786969156,1.371635685,0.865873111,0.631668096,-0.737568231,-0.139930572,-0.497475524,0.992180372,0.879408401,1.116273503,-0.007473763,-0.183373469,-0.719339936,-0.701501036,-0.738776676,0.040236259,0.473323931,0.109808151,1.223149528,2.136033262,-0.035743907,-0.213546421,-0.149077636,1.413402249
5/21/2024,757,0.094144289,-0.147983913,0.045958379,-0.431925757,0.235941146,-0.674053483,-0.183753093,-0.405715383,-0.939284639,-0.786969156,1.982274265,-0.077228139,0.302523034,-1.211598082,0.765561452,-0.47698592,1.054394961,1.015574863,0.43834447,0.010484396,-0.198533829,-0.719339936,-0.701501036,-0.738776676,0.168089792,1.427078198,0.014984906,2.592031638,0.829610357,-0.0354644,-0.074762159,-0.100418695,-0.12726405
5/22/2024,758,0.501955733,1.41269828,0.116186913,0.342496356,1.017631348,-0.624960153,1.201092014,-0.213191684,-0.116552121,1.460717882,1.881349277,1.331769652,-0.182826463,-0.46379698,-0.143041103,-0.47698592,0.017485146,0.175041146,-0.050794199,-0.535443625,-0.316447738,-0.719339936,-0.701501036,-0.738776676,0.142519086,0.651358061,-0.143994543,0.912799249,-0.093063574,-1.243210559,-0.488839794,-0.100418695,-0.323944854
