Date,A_OC_GOOGLE_SHOPPING,C_DIV_BUY_CONNECTED,C_DIV_BUY_ESSENTIALS,C_DIV_BUY_PREMIUM,C_DIV_BUY_SS,C_DIV_CONN_DATA,C_DIV_CONN_REMOTE,C_DIV_CONN_TRY,C_DIV_GETNOW_CONN,C_DIV_GETNOW_ESS,C_DIV_GETNOW_PREM,C_DIV_GETNOW_SS,C_PP_PKG_APP_ACCESS,C_PP_PKG_CONNECTED,C_PP_PKG_ESS,C_PP_PKG_PREM,C_PP_PKG_REMOTE,C_PP_PKG_SC,C_PP_PKG_SS,DIV_GMOC_SHOP_ESS,DIV_GMOC_SHOP_REMOTE,DIV_GMOC_SHOP_SS,DIV_PKG_CONN_SERVICES,DIV_PKG_HDStreaming,DIV_PKG_SS_CRASH,DIV_PKG_SS_ROADSIDE,DIV_PLANPAGE_CONN,DIV_PLANPAGE_ESS,DIV_PLANPAGE_HOME,DIV_WYG_PP,OC_APP_Access,OC_PAGE_ESS,OC_PAGE_PREF,OC_PAGE_PREFPL,OC_PAGE_PREM,SC_BUYNOW,SC_HOMEPAGE,SC_SHOPNOW
2023-10-13,729,28,21,20,19,12,11,8,110,24,38,65,34,72,45,92,104,19,48,685,1167,672,878,61,61,123,871,460,767,3013,388,680,156,288,1350,0,18,1
2023-10-14,936,30,7,23,14,18,7,9,94,21,38,66,37,85,43,92,83,26,39,575,843,572,790,34,61,95,790,414,719,2681,374,575,138,283,1166,0,15,2
2023-10-15,787,20,5,7,8,8,3,11,66,18,34,79,30,51,40,91,81,21,32,386,885,596,691,30,64,122,690,322,517,2442,366,385,105,249,960,0,15,0
2023-10-16,1030,29,10,23,16,10,8,4,74,10,28,81,30,77,44,85,99,13,48,739,1283,707,803,43,129,169,804,420,722,2907,472,728,210,378,1425,2,16,0
2023-10-17,950,26,11,22,8,11,6,5,85,57,31,69,31,72,58,101,104,19,38,621,1179,706,1237,35,66,114,1237,1136,790,3167,418,612,209,310,1258,0,10,0
2023-10-18,991,46,22,25,19,14,11,9,82,20,37,82,30,85,49,69,94,16,36,785,1191,751,864,54,175,194,864,555,857,2975,428,780,219,351,1511,3,15,0
2023-10-19,1026,34,15,24,13,13,8,16,106,19,38,50,43,85,42,100,97,5,45,677,1098,679,924,40,74,125,920,461,816,2754,408,659,172,300,1406,1,21,2
2023-10-20,996,28,13,35,10,18,9,10,80,11,33,45,21,88,36,96,81,6,33,581,1079,639,710,32,82,112,709,375,769,2772,352,575,182,318,1334,0,27,1
2023-10-21,872,28,7,23,12,11,3,13,90,28,23,43,24,72,37,74,78,1,28,501,1032,679,615,37,28,85,615,351,615,2158,355,488,164,286,1087,0,7,1
2023-10-22,781,18,5,14,7,11,8,8,61,18,23,48,21,55,34,71,76,0,27,475,978,603,538,44,31,59,537,304,594,1988,333,471,145,267,984,0,10,0
2023-10-23,865,31,9,19,21,13,10,3,67,18,25,48,42,85,35,83,104,15,39,847,1176,643,687,101,50,110,684,397,804,2754,444,834,165,274,1131,0,20,1
2023-10-24,1095,20,14,18,15,12,7,8,123,101,42,48,26,82,55,88,93,6,40,5571,1012,629,1244,53,38,94,1248,1235,785,2678,372,5597,137,292,1174,0,19,3
2023-10-25,1025,41,24,27,16,11,7,7,67,23,30,50,32,77,35,88,86,12,25,4760,1049,598,781,61,51,106,776,556,785,2576,373,4773,122,294,1060,2,24,3
2023-10-26,1986,31,13,20,13,13,6,5,72,20,32,47,25,79,48,103,121,8,41,11285,1365,787,869,51,111,148,867,709,895,2800,456,10468,231,437,1555,0,20,2
2023-10-27,1342,33,19,31,14,11,12,11,75,27,35,49,26,89,52,104,112,11,47,4328,1255,665,823,57,74,115,820,735,812,3206,501,2672,171,365,1385,1,14,0
2023-10-28,1099,29,11,21,10,7,7,8,64,29,31,47,35,59,54,93,84,10,35,2414,1247,623,602,52,26,77,596,376,623,2620,414,1316,167,258,1173,0,12,2
2023-10-29,933,33,12,17,10,9,11,9,62,13,31,47,31,67,31,100,138,8,23,2053,1179,595,598,41,40,101,594,344,672,2616,396,1040,142,228,1110,1,11,1
2023-10-30,1123,35,19,33,17,12,10,8,66,7,40,45,20,85,69,81,173,9,49,2233,1540,671,709,29,45,102,707,445,812,3031,498,1182,152,270,1227,0,9,0
2023-10-31,1525,34,18,26,15,10,16,10,66,30,38,34,23,88,51,89,207,9,36,2059,1866,714,765,64,74,114,764,602,872,3116,572,1173,208,325,1464,0,18,0
2023-11-01,1404,40,21,21,21,12,18,9,104,27,42,45,39,113,85,135,222,7,50,2097,1949,665,906,31,42,130,906,518,940,3664,571,1222,154,319,1509,3,14,1
2023-11-02,2576,39,36,35,26,12,15,8,95,30,38,51,52,105,79,125,198,7,45,20548,1835,746,987,49,54,120,979,1326,1100,3913,561,19474,214,401,1815,0,17,2
2023-11-03,2262,41,30,16,20,9,7,11,87,21,32,38,21,78,52,97,124,16,35,14929,1515,717,891,67,45,102,889,1835,962,3111,501,14388,137,293,1598,2,12,2
2023-11-04,1186,36,18,22,10,6,7,5,83,18,44,52,31,93,47,75,101,11,36,3373,1025,595,682,46,37,92,678,1535,720,2971,422,3174,124,271,1155,1,15,4
2023-11-05,855,28,11,22,7,13,8,11,62,20,40,43,30,81,41,75,101,14,37,2307,1003,544,670,67,28,86,666,1509,679,2942,343,2028,105,204,1025,2,22,3
2023-11-06,1049,34,12,19,12,10,5,5,68,17,22,41,37,74,44,94,108,8,59,2204,1078,546,718,44,31,110,717,1716,757,3141,428,1985,119,237,1013,0,17,1
2023-11-07,1029,49,21,26,21,16,9,9,89,22,38,37,25,78,37,87,109,4,35,2188,1021,664,828,62,53,100,828,1718,854,2953,367,1947,154,303,1112,0,11,0
2023-11-08,3235,38,21,29,18,10,13,9,72,30,23,48,33,88,72,107,138,8,42,23364,1145,770,952,48,38,93,953,1864,990,3529,479,22984,154,360,1430,0,9,1
2023-11-09,1912,38,11,26,9,9,6,8,77,21,39,41,34,75,50,106,132,2,38,10209,1007,630,912,56,70,111,910,1615,861,3237,387,9788,127,303,1286,4,19,1
2023-11-10,3478,51,33,27,14,12,12,9,100,60,37,27,40,86,77,115,130,4,48,26710,1145,814,991,58,75,140,988,6449,1150,3976,439,26263,198,403,1378,2,21,2
2023-11-11,2038,27,17,17,11,15,12,11,64,24,24,31,39,72,44,72,118,4,24,10266,945,690,742,59,53,101,743,2634,822,2805,325,9875,131,264,1269,2,13,2
2023-11-12,1209,22,15,17,9,8,9,7,46,19,33,26,23,55,30,79,90,5,27,4366,832,570,677,46,20,102,668,1934,620,2420,352,3962,161,251,973,0,11,0
2023-11-13,1725,46,28,28,19,7,7,12,69,19,34,35,29,78,41,92,110,3,35,6650,1163,782,909,60,51,125,908,2517,901,3042,354,5611,168,374,1374,1,11,1
2023-11-14,2157,43,15,30,14,16,8,5,99,42,31,28,39,109,82,114,120,8,41,17912,1140,692,1117,43,58,161,1115,7361,1003,3775,390,14603,176,410,1287,1,15,3
2023-11-15,1991,44,26,18,18,21,7,10,105,60,53,29,33,75,66,107,117,6,30,17719,1045,609,980,47,65,167,982,6503,953,3360,346,12997,130,280,1162,5,18,1
2023-11-16,1749,49,24,23,19,20,8,11,115,48,33,38,40,64,48,101,101,4,33,8956,1038,695,965,65,61,146,961,5114,941,2921,367,4154,199,429,1230,0,13,2
2023-11-17,1723,39,22,26,12,11,13,9,112,37,36,33,22,74,40,110,91,3,25,7395,1009,633,853,42,48,121,853,4332,879,2937,408,2756,170,342,1306,2,25,3
2023-11-18,1405,26,9,13,10,17,7,3,84,35,26,35,27,68,52,78,96,7,29,5628,879,631,759,70,52,115,758,3971,728,2477,319,2127,117,316,1143,0,15,0
2023-11-19,1193,18,7,16,8,13,8,8,68,29,32,25,21,65,37,99,99,1,31,4828,898,567,679,67,59,102,680,3395,652,2340,309,2049,102,257,903,0,9,1
2023-11-20,4317,40,25,33,15,11,11,6,88,33,44,30,43,68,63,105,140,6,31,30280,1341,800,885,62,57,143,886,6185,1145,3419,407,28132,188,350,1489,1,23,2
2023-11-21,2401,36,23,31,20,21,14,8,89,43,48,43,31,83,71,112,122,3,30,14602,1248,725,854,52,69,155,854,5279,1004,3531,382,11451,161,370,1438,3,21,0
2023-11-22,1768,37,13,20,12,16,6,8,102,20,36,37,30,59,44,97,100,5,22,8014,1065,711,756,54,51,139,754,3774,780,2628,341,3741,203,417,1189,2,22,1
2023-11-23,1343,23,13,16,10,11,6,5,66,15,25,30,21,52,45,79,89,3,25,7168,862,520,657,56,101,149,655,2807,588,2326,297,2308,153,302,949,2,12,2
2023-11-24,1828,29,16,14,11,10,12,3,69,26,34,38,29,71,61,95,112,5,34,7953,1137,702,747,42,107,181,743,3460,738,2702,354,2990,169,381,1138,0,5,1
2023-11-25,1636,27,18,16,20,8,15,7,94,24,38,40,22,60,59,75,120,2,26,7159,1232,686,682,45,57,132,678,3235,785,2511,408,2316,154,305,1179,2,15,0
2023-11-26,1736,30,14,13,10,6,9,6,81,24,33,41,26,58,59,103,152,3,29,7277,1133,637,724,54,64,168,722,3257,747,2678,364,2502,129,294,1050,0,13,0
2023-11-27,2005,32,15,20,11,13,29,9,73,22,36,47,29,82,73,98,263,5,41,5848,1767,740,886,68,60,214,886,3535,959,3644,444,3427,178,365,1391,1,18,2
2023-11-28,2070,43,29,27,18,10,23,14,91,47,31,39,31,98,78,121,274,5,59,4918,1941,770,1026,60,46,110,1023,910,1166,4427,610,3643,254,456,1605,2,16,0
2023-11-29,4119,40,32,33,24,12,23,9,90,32,43,45,50,117,83,138,269,8,44,28660,1752,881,1044,61,92,190,1041,3244,1236,4774,555,27152,240,419,1620,4,42,1
2023-11-30,2383,29,19,26,13,8,18,6,81,53,23,41,29,103,69,98,154,5,43,10524,1422,832,873,67,60,164,871,3076,894,3557,446,8837,197,371,1514,4,22,3
2023-12-01,1721,25,16,27,12,12,18,9,91,128,34,42,29,74,47,99,145,8,46,6009,1205,714,860,29,69,148,854,2878,782,3261,362,4573,192,380,1445,0,9,1
2023-12-02,1273,23,18,22,17,10,10,10,77,150,32,41,25,66,28,74,96,6,22,3869,1068,748,728,49,44,101,727,2577,707,2351,367,2540,106,305,1133,1,12,2
2023-12-03,927,15,13,7,6,9,6,7,64,146,26,38,26,72,32,80,92,2,26,3357,874,572,671,58,30,130,671,2463,613,2332,274,2006,134,257,932,1,15,2
2023-12-04,1230,32,14,21,9,15,8,11,94,126,29,42,38,67,38,82,110,6,27,3722,1233,761,782,39,89,181,782,2813,777,3147,393,2135,169,348,1224,2,28,2
2023-12-05,1251,43,16,30,14,13,11,14,82,122,35,34,36,79,62,116,123,6,48,3590,1209,660,836,50,41,100,833,2892,854,3329,366,2117,192,398,1292,0,11,0
2023-12-06,1411,48,19,33,21,16,14,8,76,119,31,44,32,72,43,214,107,3,39,3903,1189,762,831,45,58,172,831,2737,777,2954,325,1810,139,362,1358,1,17,1
2023-12-07,1380,35,33,37,18,8,15,10,75,122,52,21,33,68,58,306,115,7,34,4106,1257,815,722,46,56,121,714,2622,781,2843,413,1520,148,396,1655,1,20,0
2023-12-12,1564,48,22,37,16,14,19,10,76,25,41,24,35,91,61,533,142,4,46,4410,1506,701,923,91,61,94,913,596,1069,3132,406,1687,144,385,1497,1,18,1
2023-12-13,1710,68,19,36,31,10,12,12,96,26,59,28,42,80,56,541,115,2,32,3709,1739,683,957,91,52,92,950,616,1204,3048,413,1683,138,402,1526,2,18,3
2023-12-14,1347,39,16,24,20,11,11,8,83,25,25,38,24,72,41,451,111,5,35,3934,1313,734,798,52,30,80,800,435,893,2677,343,1221,131,379,1212,0,10,1
2023-12-15,1487,43,26,80,16,11,9,10,104,24,29,20,34,71,45,494,99,7,40,3061,1265,680,813,36,54,97,816,680,812,2590,366,1252,111,369,1240,4,12,3
2023-12-16,1177,34,19,25,16,14,7,15,96,25,32,31,28,55,33,300,83,4,29,2451,1162,696,807,63,35,92,806,459,650,2283,334,945,129,332,1179,0,13,2
2023-12-17,973,34,8,24,3,12,15,11,63,20,33,20,25,68,36,294,73,1,42,2468,994,551,696,61,24,58,691,380,608,2236,339,850,128,338,1003,2,19,3
2023-12-18,1249,36,15,22,20,11,10,7,85,20,38,31,17,77,43,498,111,5,30,2674,1294,618,801,41,45,85,794,504,737,2595,338,1057,117,302,1140,0,13,0
2023-12-19,1530,47,23,27,17,18,12,8,103,20,37,27,32,89,48,520,151,4,40,2917,1517,787,958,56,57,147,955,524,953,3091,441,1267,165,428,1475,0,16,0
2023-12-20,1344,60,23,33,19,8,17,11,102,15,51,25,36,100,60,579,119,4,57,3818,1378,778,963,40,36,98,957,508,1035,3262,400,1992,205,426,1359,2,25,3
2023-12-21,1126,49,24,37,18,19,8,7,109,24,57,83,20,79,49,594,104,3,56,2764,1096,808,1001,60,124,219,998,636,966,3142,310,1264,147,394,1292,2,15,2
2023-12-22,1027,35,14,30,14,18,10,10,118,37,42,88,33,78,64,404,96,2,40,2588,1053,702,957,39,89,179,955,592,845,2772,356,805,125,298,1042,0,13,0
2023-12-23,1061,30,6,20,5,16,5,6,86,6,47,58,25,73,25,283,85,1,21,2798,1047,689,777,49,30,119,778,385,626,2174,313,895,132,295,1197,1,11,1
2023-12-24,813,22,11,19,6,4,9,5,75,19,43,64,16,43,21,151,54,1,16,2534,791,534,591,39,30,70,591,309,536,1708,237,566,77,252,889,2,13,2
2023-12-25,763,19,7,12,6,13,4,4,71,11,24,55,18,29,15,167,55,4,16,2445,679,393,490,45,17,75,486,239,434,1511,259,684,74,194,846,1,7,0
2023-12-26,1294,40,17,16,19,18,12,5,79,19,26,56,24,60,39,380,89,3,38,2702,1091,641,804,51,34,113,802,411,775,2629,380,1018,140,365,1166,0,13,2
2023-12-27,1188,37,21,28,14,16,7,13,83,15,36,51,22,76,50,477,111,8,46,3022,1197,656,785,45,32,136,781,455,762,3052,351,1229,174,377,1137,1,14,4
2023-12-28,1130,32,22,25,13,12,8,5,89,25,46,49,29,78,47,459,94,6,40,2929,1243,746,809,57,53,115,806,492,867,3031,360,1145,148,392,1222,2,24,1
2023-12-29,1170,46,14,26,17,11,19,11,103,20,39,44,28,86,45,459,97,3,34,2247,1215,734,831,56,34,124,829,555,836,2920,436,779,134,486,1418,1,13,0
2023-12-30,999,34,14,21,8,15,11,9,86,18,34,35,31,84,28,321,80,3,38,1981,1101,647,789,42,42,110,786,403,664,2512,378,597,142,341,1190,0,16,2
2023-12-31,464,24,18,16,5,6,5,7,58,16,18,51,19,53,33,207,95,0,25,1454,1011,540,603,38,34,67,601,320,571,1976,274,470,76,228,936,0,4,0
2024-01-01,354,30,9,17,10,12,4,4,73,13,27,30,21,53,31,300,86,2,25,586,1157,495,555,38,22,84,554,276,580,1979,255,544,84,296,944,1,6,1
2024-01-02,1151,36,15,23,13,16,2,6,69,14,35,54,22,102,49,486,120,4,57,1812,1561,728,743,58,43,135,741,461,834,3036,427,1792,163,436,1328,0,20,0
2024-01-03,1259,40,23,38,12,7,13,7,71,24,23,33,43,91,57,573,149,6,64,975,1441,728,808,42,30,114,808,422,912,3208,408,958,173,443,1367,1,17,1
2024-01-04,1210,47,19,27,20,15,4,12,80,13,35,13,25,86,62,490,135,5,48,804,1309,627,780,24,39,103,772,419,854,2906,374,788,179,383,1273,0,14,1
2024-01-05,1200,53,11,23,19,13,17,8,92,13,21,13,19,88,45,545,136,5,61,770,1450,628,806,49,52,109,802,471,827,2869,379,752,155,354,1322,6,21,2
2024-01-06,1185,27,15,23,13,15,14,6,80,12,34,22,24,85,56,438,127,6,38,596,1406,753,716,30,26,83,717,365,751,2651,400,591,185,393,1352,3,21,3
2024-01-07,948,33,15,22,17,8,7,8,60,20,24,14,40,67,39,362,108,1,50,599,1342,668,603,38,19,80,594,340,701,2378,336,587,110,273,1135,0,11,1
2024-01-08,1163,33,19,22,20,17,7,8,71,12,41,12,26,85,57,439,149,5,38,776,1516,718,725,29,36,95,726,341,772,2865,358,768,126,371,1300,2,15,0
2024-01-09,1249,38,41,28,31,12,22,7,78,15,53,33,38,80,66,632,175,7,37,714,1575,678,860,34,67,120,852,475,931,3452,389,707,151,347,1336,0,17,0
2024-01-10,1134,56,28,44,23,10,20,7,71,23,58,17,33,102,54,695,163,6,52,750,1412,685,839,60,51,111,837,496,975,3617,379,748,134,399,1378,3,19,1
2024-01-11,1293,44,33,38,31,15,16,9,80,35,73,17,43,108,63,570,168,5,49,860,1520,647,854,68,40,137,849,500,948,3326,473,843,176,427,1527,1,24,1
2024-01-12,1374,38,23,46,19,10,16,7,97,25,58,27,38,95,76,635,200,3,48,748,1615,680,879,47,44,101,877,520,944,3368,429,741,170,398,1507,1,19,1
2024-01-13,1455,46,20,28,8,15,13,9,74,25,39,18,28,94,66,336,196,4,38,846,1796,763,831,37,25,80,830,410,890,2951,490,838,172,388,1587,1,9,1
2024-01-14,1514,32,21,34,15,9,34,12,81,29,37,27,41,77,76,386,265,8,42,910,1954,701,824,18,24,128,820,437,971,3142,498,906,120,359,1688,1,23,0
2024-01-15,1828,43,22,31,18,17,23,3,77,21,40,29,30,98,82,528,308,3,52,1040,2421,799,899,23,34,136,901,471,1042,3567,618,1039,156,427,1876,2,20,1
2024-01-16,1737,32,20,24,23,7,26,8,94,24,37,24,32,95,67,591,313,7,40,1136,2316,804,1019,47,58,123,1009,567,1056,3571,527,1135,169,524,1880,4,23,1
2024-01-17,1597,60,19,27,13,4,34,8,100,23,46,25,36,110,70,622,253,4,49,958,2257,807,1037,39,58,109,1034,539,1044,3630,508,936,210,469,1852,2,14,3
2024-01-18,1070,66,28,34,11,9,15,8,115,40,42,14,29,84,69,608,229,7,54,838,1707,751,1056,39,43,109,1047,558,993,3272,450,828,195,501,1611,0,16,1
2024-01-19,1520,52,36,44,20,11,16,6,70,32,32,20,31,95,68,608,220,6,45,867,1755,759,918,31,47,108,909,517,946,3228,526,854,257,501,1636,0,13,2
2024-01-20,1266,43,20,20,11,10,19,7,93,11,33,23,34,87,53,375,182,2,36,716,1641,730,916,28,36,74,901,434,849,2850,521,701,173,461,1376,0,16,1
2024-01-21,935,36,25,24,19,15,18,11,70,17,31,18,27,73,58,369,162,7,29,614,1426,601,787,30,37,92,752,420,814,2696,425,603,138,341,1224,0,21,2
2024-01-22,976,56,16,41,26,8,17,9,85,15,27,22,44,81,59,504,142,8,55,567,1386,632,788,38,41,107,773,408,822,2802,395,561,165,371,1133,2,16,0
2024-01-23,972,37,20,28,13,9,16,9,63,22,31,27,37,122,68,626,149,6,49,1252,1473,725,880,33,42,103,871,494,846,3450,433,1251,293,573,1426,1,18,0
2024-01-24,819,43,15,37,9,10,10,6,67,17,45,35,41,72,51,557,121,3,55,805,1434,2218,788,52,64,120,784,438,802,3015,401,796,301,543,1223,4,16,1
2024-01-25,786,45,19,35,21,13,11,5,77,20,29,40,21,79,34,384,106,8,42,655,1202,5606,791,31,46,128,776,508,873,2706,366,640,229,441,1238,2,18,0
2024-01-26,995,49,17,27,21,10,10,7,84,14,39,35,22,86,43,426,106,5,34,1105,1215,2525,954,33,56,108,928,484,862,2779,456,742,275,620,1391,1,21,2
2024-01-27,879,39,18,26,18,12,10,9,57,12,49,30,26,63,37,309,102,4,28,1023,1179,1452,845,36,49,114,828,418,760,2463,396,587,241,477,1297,0,12,1
2024-01-28,716,32,20,25,9,13,18,4,90,19,48,31,30,83,32,363,73,8,31,932,1099,1011,817,38,39,90,752,361,706,2411,372,526,209,402,1198,0,18,3
2024-01-29,1023,41,18,33,24,9,9,10,86,17,35,24,27,98,50,531,122,1,37,1149,1431,1648,918,42,56,143,899,522,918,2874,485,820,332,614,1577,2,20,1
2024-01-30,1007,53,25,48,30,14,12,9,77,11,41,41,35,92,53,528,106,4,50,1158,1265,1041,918,28,55,118,897,460,882,2950,446,753,309,610,1427,0,18,1
2024-01-31,1083,53,36,36,32,10,9,11,67,16,26,43,37,103,55,533,108,15,49,1179,1159,828,854,46,56,112,833,488,743,3048,393,707,311,637,1244,0,24,5
2024-02-01,1046,71,27,47,25,9,5,4,84,15,44,44,23,99,66,574,100,6,60,1435,1103,1690,817,28,60,121,803,483,780,2880,403,997,278,482,1260,0,15,0
2024-02-02,1088,69,31,52,25,15,12,8,87,22,39,31,30,92,57,444,94,7,27,1187,967,4724,837,61,104,110,814,554,778,2860,382,755,261,470,1197,1,13,2
2024-02-03,976,56,23,37,27,14,6,13,77,19,36,56,29,102,49,400,85,7,46,976,887,1942,775,26,39,115,752,381,661,2511,362,534,227,528,1296,2,15,3
2024-02-04,691,68,19,27,10,21,17,12,68,10,24,39,38,82,44,324,74,6,39,1025,828,1002,756,41,34,102,733,308,643,2310,329,519,167,425,1093,1,11,1
2024-02-05,990,55,31,29,18,13,15,8,68,14,31,33,35,93,48,547,121,13,54,1067,1033,1012,796,41,53,123,780,399,688,2839,393,622,264,498,1153,3,14,1
2024-02-06,744,47,29,46,23,9,6,5,65,13,39,33,47,92,58,545,109,4,46,1010,924,715,750,36,83,109,731,390,681,2824,304,609,208,456,1080,3,20,1
2024-02-07,866,54,35,55,40,16,8,12,100,17,38,44,39,98,52,384,113,13,36,1008,1334,728,844,46,61,132,821,380,725,2927,398,610,240,508,1184,1,16,2
2024-02-08,924,63,21,40,33,14,11,11,89,13,39,51,38,100,63,396,86,3,48,999,1245,635,853,40,54,107,832,449,646,2958,379,598,222,546,1166,0,8,0
2024-02-09,1014,66,21,40,25,10,2,8,118,11,38,38,43,99,57,518,95,7,50,964,1261,655,826,36,54,129,801,437,675,3152,364,609,212,528,1240,1,12,4
2024-02-10,786,80,35,40,24,6,13,8,95,26,37,36,42,102,63,286,81,5,47,967,905,669,772,42,55,114,744,349,779,2635,358,433,181,434,1006,2,14,1
2024-02-11,689,59,18,27,24,9,6,12,66,11,28,30,28,84,43,296,89,8,44,1029,738,545,609,41,35,104,592,233,558,2304,363,451,183,419,844,0,11,2
2024-02-12,705,60,19,49,25,15,10,11,67,11,39,40,21,80,69,429,114,4,39,1045,893,618,710,50,48,111,687,341,728,2883,376,549,250,526,1157,1,26,2
2024-02-13,294,57,22,42,25,16,10,10,83,18,42,33,27,123,58,460,91,11,46,763,886,611,747,18,59,130,720,367,709,3081,351,587,271,484,1100,4,40,3
2024-02-14,0,62,30,44,28,7,11,7,84,26,27,50,34,110,56,472,84,4,48,436,744,539,771,37,54,104,756,354,772,3007,348,436,226,404,964,1,17,1
2024-02-15,0,72,30,42,27,14,12,6,89,17,38,40,22,101,51,563,88,9,45,652,954,600,859,35,63,128,816,402,779,3015,363,651,300,588,1344,1,19,3
2024-02-16,0,73,45,43,29,13,7,11,111,25,56,31,34,109,66,484,99,7,64,607,1114,644,821,42,59,133,806,398,797,3219,420,608,265,544,1339,2,16,4
2024-02-17,1,74,29,38,21,14,10,8,77,20,37,43,41,112,59,478,106,6,46,570,1094,664,837,36,41,114,810,352,725,3048,435,569,254,498,1330,1,18,2
2024-02-18,0,70,36,40,15,10,7,7,83,29,35,44,35,95,42,355,108,6,29,522,878,652,696,30,51,126,671,330,612,2461,369,522,235,476,1096,1,10,0
2024-02-19,284,71,36,45,25,21,11,12,91,17,30,46,20,107,62,473,93,8,55,872,1246,636,831,0,0,0,809,461,734,2952,386,669,193,495,1105,2,0,4
2024-02-20,783,63,20,48,20,14,8,6,77,17,38,40,34,123,60,563,104,15,56,1928,1297,685,867,0,0,0,850,398,701,3114,351,1469,276,558,1282,2,0,0
2024-02-21,884,46,29,44,21,10,9,8,71,13,62,43,62,122,80,608,130,17,79,1567,1245,628,866,0,0,0,850,455,723,3680,374,932,323,691,1523,2,0,4
2024-02-22,1513,84,26,53,28,31,10,14,233,27,98,36,39,180,79,639,136,8,56,1825,1251,764,1273,0,0,0,1254,517,786,3891,449,945,332,784,2158,0,0,1
2024-02-23,1077,47,30,51,11,17,11,8,111,28,64,45,46,139,70,570,128,5,64,1588,1271,736,1066,0,0,0,1040,465,671,3471,378,774,291,635,1690,1,0,0
2024-02-24,580,57,18,35,24,15,8,11,105,15,47,52,42,124,67,406,84,2,65,1495,1171,694,822,0,0,0,790,310,520,2999,384,591,239,599,1268,3,0,3
2024-02-25,464,51,22,39,27,7,10,15,98,19,47,44,36,119,77,387,82,2,52,1236,974,541,759,0,0,0,732,351,526,2693,331,480,198,459,1101,1,0,1
2024-02-26,688,54,19,34,29,9,18,15,86,21,45,34,31,110,73,610,96,6,57,1423,1006,605,868,0,0,0,831,405,618,3199,353,590,324,648,1270,2,0,2
2024-02-27,839,56,25,52,21,14,12,10,137,16,3,48,33,130,84,617,76,4,59,1650,1197,708,1012,0,0,0,976,432,758,3551,389,539,316,669,1358,1,0,0
2024-02-28,837,80,35,77,31,17,10,9,130,32,0,61,41,128,96,625,116,9,69,1714,1300,778,1010,0,0,0,985,516,985,3439,416,636,266,591,1353,3,0,3
2024-02-29,899,54,42,71,42,18,16,9,135,30,0,56,59,138,72,666,105,3,62,2050,1336,861,1070,0,0,0,1042,566,1022,3535,487,815,341,728,1625,1,0,1
2024-03-01,1189,55,38,43,25,36,18,11,128,26,0,57,46,137,82,584,97,6,51,2902,1215,829,1053,0,0,0,1006,554,934,3137,473,1600,392,823,1822,2,0,1
2024-03-02,1023,54,19,44,27,16,11,16,89,15,0,67,35,127,50,333,94,3,42,2027,1174,850,800,0,0,0,776,364,748,2684,471,857,249,622,1653,0,0,2
2024-03-03,811,47,30,34,12,19,17,5,103,24,0,53,37,98,64,306,73,4,29,1850,933,667,734,0,0,0,707,351,681,2383,378,617,244,535,1306,1,0,0
2024-03-04,1119,80,36,64,29,16,9,10,127,23,0,45,28,136,59,557,82,6,59,2167,1285,848,892,0,0,0,863,416,945,3026,459,874,374,781,1591,3,0,5
2024-03-05,975,55,24,47,24,25,7,11,105,17,0,58,40,117,60,606,116,9,45,1957,1230,749,885,0,0,0,844,407,917,3068,417,787,305,670,1609,1,0,2
2024-03-06,922,70,35,52,27,15,3,9,104,10,0,47,54,122,55,465,90,6,55,1907,1157,732,849,0,0,0,820,418,913,3094,391,776,249,682,1428,0,0,1
2024-03-07,946,66,31,52,23,23,10,8,115,24,0,53,37,125,57,504,76,7,44,1972,1133,788,797,0,0,0,773,419,898,2975,378,849,303,671,1455,2,0,1
2024-03-08,1041,80,24,74,33,21,8,7,148,27,0,71,55,142,64,467,105,7,45,1799,1140,724,1020,0,0,0,998,413,934,2961,436,737,346,675,1495,1,0,1
2024-03-09,960,79,31,58,27,17,9,10,129,25,0,46,47,136,58,380,83,6,42,1852,1140,743,861,0,0,0,841,390,812,2787,428,634,276,737,1488,2,0,4
2024-03-10,744,39,14,33,9,19,7,12,96,11,0,70,28,100,53,323,72,5,47,1592,917,713,718,0,0,0,692,300,600,2276,367,515,203,518,1321,0,0,2
2024-03-11,962,50,20,39,19,11,11,16,94,19,0,56,44,112,64,494,99,5,54,1882,1195,816,842,0,0,0,813,421,814,2866,423,727,259,631,1524,2,0,1
2024-03-12,668,68,25,55,26,19,13,7,106,18,0,56,38,108,65,506,93,4,52,1864,1166,797,972,0,0,0,943,427,896,2939,396,737,300,723,1539,2,0,2
2024-03-13,738,67,23,51,30,13,11,10,107,15,0,58,45,129,67,561,99,4,60,2020,1325,915,879,0,0,0,861,447,921,3177,465,851,437,913,1848,0,0,3
2024-03-14,883,51,37,44,31,22,7,10,110,29,0,58,43,116,69,466,81,5,43,2004,1235,814,914,0,0,0,895,419,861,2910,462,877,328,742,1764,0,0,1
2024-03-15,708,65,32,43,23,27,6,7,115,17,0,63,30,113,71,441,77,5,53,1845,1088,772,849,0,0,0,821,398,771,2715,418,681,271,702,1693,1,0,0
2024-03-16,654,58,29,43,32,12,8,9,106,13,0,70,50,111,52,294,68,3,35,1816,1070,765,738,0,0,0,713,330,698,2497,396,598,252,554,1317,0,0,1
2024-03-17,523,45,11,31,22,15,10,19,98,20,0,60,23,74,43,294,74,7,33,1770,1001,704,724,0,0,0,687,331,584,2130,387,557,264,522,1228,0,0,0
2024-03-18,825,73,30,52,33,17,5,11,109,15,0,56,26,95,45,448,97,4,44,2010,1304,802,870,0,0,0,847,461,1177,2739,487,806,321,713,1641,0,0,1
2024-03-19,739,93,41,54,38,17,6,11,168,25,0,57,36,121,47,474,100,3,52,1710,1199,758,1106,0,0,0,1082,546,1298,3144,403,770,393,739,4470,2,0,3
2024-03-20,671,92,27,56,30,15,12,4,127,19,0,80,38,111,41,446,82,8,51,1215,1129,835,910,0,0,0,885,377,1129,2334,415,609,310,626,2344,0,0,1
2024-03-21,1099,116,34,59,30,26,13,20,185,22,0,93,42,119,49,529,92,5,47,2472,1354,875,1182,0,0,0,1155,524,1321,2847,538,1753,354,868,2179,0,0,0
2024-03-22,1238,99,22,62,33,26,10,23,163,19,1,77,32,100,61,407,81,4,34,1579,1148,857,1013,0,0,0,978,405,1371,2502,477,839,312,764,1684,1,0,0
2024-03-23,925,104,38,54,34,20,6,10,130,23,0,83,30,81,29,303,69,4,52,1358,1043,790,883,0,0,0,861,377,1353,2303,475,669,258,623,1491,0,0,2
2024-03-24,753,83,30,54,26,19,7,11,116,15,0,75,29,82,43,267,67,0,22,1140,951,577,807,0,0,0,776,306,1078,1994,313,569,187,518,1218,0,0,1
2024-03-25,1006,83,29,70,24,17,9,14,114,12,0,66,27,91,35,364,87,4,35,1372,1103,819,861,0,0,0,842,386,1385,2463,535,803,383,717,1666,0,0,1
2024-03-26,987,71,33,62,28,19,5,9,89,17,0,77,38,126,62,501,104,4,44,1813,1431,935,899,0,0,0,870,370,1128,2669,549,863,355,761,1895,0,0,1
2024-03-27,888,77,30,60,34,25,13,8,104,21,0,93,36,124,52,465,83,3,37,2237,1147,887,852,0,0,0,815,421,1361,2549,495,841,416,838,1857,2,0,1
2024-03-28,1085,100,33,67,37,17,7,10,131,12,0,97,35,101,37,402,77,3,29,1688,1156,826,901,0,0,0,874,378,1270,2373,453,881,305,736,1751,3,0,2
2024-03-29,1063,93,34,68,33,21,6,11,130,19,0,100,24,103,44,380,79,1,45,1495,1091,798,882,0,0,0,874,391,1306,2383,486,699,302,691,1691,1,0,1
2024-03-30,801,91,34,74,32,21,12,10,129,24,0,110,26,77,31,240,71,3,25,1507,1055,802,808,0,0,0,786,321,1222,2112,372,628,300,636,1328,0,0,0
2024-03-31,629,67,34,55,25,13,11,6,79,17,0,93,27,66,32,241,80,7,23,1278,782,640,562,0,0,0,563,249,981,1631,322,609,217,444,1207,1,0,2
2024-04-01,1062,76,29,65,30,16,9,15,102,15,0,100,36,84,55,390,78,4,44,2159,1167,905,867,0,0,0,861,391,1286,2456,461,1676,419,819,1736,0,0,0
2024-04-02,752,96,37,57,29,12,5,15,122,17,0,93,35,89,47,380,86,6,40,1275,987,829,830,0,0,0,833,372,1311,2588,459,770,334,654,1470,0,0,0
2024-04-03,903,82,26,54,28,22,7,4,82,19,0,108,43,105,49,420,76,4,35,1171,1120,820,827,0,0,0,821,405,1289,2595,535,792,379,763,1652,3,0,3
2024-04-04,909,60,24,49,20,12,4,12,82,26,0,76,11,68,20,304,55,3,31,1300,1138,807,658,0,0,0,653,304,980,1798,513,839,324,684,1609,0,0,0
2024-04-05,738,87,26,36,33,19,6,17,126,16,0,126,30,95,46,372,78,6,38,1150,949,799,879,0,0,0,871,437,1086,2430,384,680,279,689,1504,2,0,0
2024-04-06,848,86,23,51,24,15,10,12,126,16,0,139,29,85,36,225,66,5,18,1094,969,753,771,0,0,0,773,299,1044,1928,417,634,263,614,1432,2,0,0
2024-04-07,696,72,22,60,22,10,12,6,74,16,0,102,29,56,42,265,60,3,19,944,864,670,596,0,0,0,595,301,955,1806,392,491,196,513,1188,2,0,0
2024-04-08,914,78,26,66,31,17,9,14,105,27,0,115,24,77,39,294,69,3,26,1261,940,783,707,0,0,0,708,333,1142,2056,441,741,301,721,1431,0,0,6
2024-04-09,893,63,36,70,32,11,4,12,91,20,0,113,31,106,47,335,46,4,48,1218,957,766,777,0,0,0,778,363,1042,2236,434,723,312,663,1465,1,0,1
2024-04-10,739,64,41,62,29,13,9,12,80,17,0,120,37,102,48,437,62,4,27,1686,995,762,784,0,0,0,785,445,1002,2320,406,1317,305,621,1392,1,0,0
2024-04-11,763,83,32,49,17,16,4,13,134,20,0,93,30,108,49,332,81,3,29,1397,1045,759,937,0,0,0,934,427,933,2416,427,911,250,655,1465,0,0,2
2024-04-12,1000,61,28,60,34,17,2,11,106,15,0,130,32,96,56,453,60,3,40,1169,1063,821,782,0,0,0,783,419,931,2548,406,732,328,663,3824,0,0,1
2024-04-13,810,74,25,42,17,10,10,9,96,17,0,126,30,85,38,285,51,5,39,1144,921,835,669,0,0,0,669,319,690,2175,359,707,279,585,2063,0,0,1
2024-04-14,616,38,15,40,12,16,11,6,66,13,0,114,18,91,41,172,56,6,31,1044,795,659,582,0,0,0,582,271,590,2010,309,646,205,531,1616,0,0,0
2024-04-15,911,64,29,48,36,12,4,9,76,18,0,143,34,88,30,308,70,6,40,1693,983,762,705,0,0,0,704,303,911,2121,381,1234,245,563,1774,1,0,1
2024-04-16,821,68,34,53,29,18,6,12,98,19,0,117,51,107,38,465,59,3,47,1108,1142,666,836,0,0,0,836,405,1065,2733,540,703,277,723,1890,1,0,1
2024-04-17,730,79,26,62,32,17,11,20,107,12,0,124,26,92,46,446,69,1,40,1104,1067,816,930,0,0,0,930,294,1116,2822,444,703,244,569,1790,2,0,2
2024-04-18,1014,82,27,68,26,11,15,9,90,16,0,131,35,115,56,443,70,1,37,1166,1133,691,862,0,0,0,861,347,1165,3030,519,745,260,646,1881,0,0,0
2024-04-19,1040,102,51,68,28,14,9,15,111,19,0,124,28,108,41,560,78,8,41,1854,1061,722,884,0,0,0,883,339,1356,3028,487,1406,219,703,1998,3,0,1
2024-04-20,841,96,33,60,27,14,3,8,88,18,0,100,21,89,29,227,38,6,35,1174,1001,667,708,0,0,0,708,242,1123,2257,434,726,263,593,1670,0,0,1
2024-04-21,751,65,33,60,29,7,7,12,75,9,0,107,33,85,24,227,42,1,18,1103,856,663,645,0,0,0,646,231,911,2093,354,692,197,526,1446,1,0,1
2024-04-22,921,62,50,66,25,11,7,8,85,18,0,106,27,119,49,520,64,7,31,1528,1192,847,824,0,0,0,823,323,1137,2692,451,1101,347,748,1790,1,0,1
2024-04-23,669,65,24,43,22,13,11,13,91,12,0,105,20,83,47,417,72,1,42,1127,1054,724,839,0,0,0,839,308,1130,2820,417,735,279,649,1471,1,0,0
2024-04-24,538,83,36,74,38,10,8,10,94,22,0,119,36,136,59,510,62,6,45,1171,942,673,964,0,0,0,965,373,1204,2955,463,724,275,648,1656,2,0,3
2024-04-25,904,65,35,58,48,18,8,12,118,16,0,115,22,102,45,495,64,5,31,1816,1394,904,987,0,0,0,987,338,1021,2587,514,803,261,636,2707,1,0,3
2024-04-26,961,75,24,55,27,17,10,7,94,15,0,145,31,112,40,446,60,3,34,1157,1163,821,950,0,0,0,948,342,1006,2806,506,751,209,607,1964,1,0,3
2024-04-27,782,67,30,54,21,15,11,7,100,12,0,141,36,92,38,290,44,0,35,966,947,749,741,0,0,0,741,277,800,2207,360,596,243,544,1583,0,0,1
2024-04-28,624,79,24,55,20,11,9,8,75,13,0,99,32,92,41,225,49,5,27,1067,941,663,655,0,0,0,652,231,710,2075,401,637,173,470,1487,0,0,1
2024-04-29,950,55,25,50,27,15,7,4,67,18,0,135,32,104,46,399,65,2,44,2158,1191,834,734,0,0,0,733,331,878,2607,459,1700,255,651,1716,7,0,4
2024-04-30,986,77,44,71,35,20,5,12,84,26,0,125,43,140,68,618,75,6,53,1470,1333,929,887,0,0,0,887,433,986,3013,624,1044,302,799,2191,0,0,1
2024-05-01,803,69,39,65,28,16,8,13,98,15,0,119,24,112,41,584,72,1,43,2026,1262,843,882,0,0,0,884,398,1113,2800,598,1615,302,661,2078,0,0,2
2024-05-02,868,61,29,50,20,17,5,10,91,19,0,127,29,105,50,498,50,2,34,1442,1147,840,831,0,0,0,831,387,1032,2559,568,987,293,713,2083,0,0,1
2024-05-03,851,78,32,71,35,16,4,6,96,15,0,153,24,97,52,370,60,3,38,1273,1096,816,791,0,0,0,791,381,1050,2437,520,764,237,672,1960,0,0,1
2024-05-04,710,61,29,46,25,15,8,11,75,14,0,133,22,89,36,264,48,4,18,1067,975,783,611,0,0,0,611,267,774,2108,457,613,186,496,1529,1,0,1
2024-05-05,556,40,23,29,14,10,7,5,58,18,0,115,25,83,33,288,53,1,30,934,883,697,553,0,0,0,553,228,658,1908,400,547,164,469,1287,1,0,1
2024-05-06,747,64,15,51,24,18,9,12,76,5,0,126,32,98,26,388,54,4,28,1611,978,751,719,0,0,0,719,255,845,2387,462,1222,199,548,1659,1,0,2
2024-05-07,644,71,40,49,27,14,8,11,75,17,0,156,45,132,53,561,63,3,50,1260,1043,717,884,0,0,0,885,435,1020,3047,437,823,193,559,1690,0,0,1
2024-05-08,671,66,27,55,24,15,2,10,76,10,0,157,32,93,43,472,34,7,31,1059,973,731,762,0,0,0,761,353,873,2492,404,658,222,598,1582,2,0,2
2024-05-09,676,67,44,63,25,19,6,12,94,18,0,130,27,110,40,447,52,9,42,1184,1062,719,765,0,0,0,765,480,921,2479,461,745,213,598,1680,1,0,1
2024-05-10,842,73,37,53,28,12,5,9,108,26,0,158,30,88,30,311,45,2,41,1146,1099,725,776,0,0,0,776,478,930,2076,542,707,224,594,1667,0,0,0
2024-05-11,743,65,32,74,30,14,8,10,65,23,0,172,17,70,16,234,57,6,22,997,1019,620,731,0,0,0,730,378,777,1699,454,599,195,487,1476,2,0,1
2024-05-12,564,71,23,52,34,12,6,9,64,13,0,130,24,59,22,266,54,1,24,966,858,515,598,0,0,0,598,335,741,1520,402,604,125,392,1199,0,0,0
2024-05-13,733,78,33,61,38,16,7,9,109,11,0,150,33,92,39,372,47,7,40,1784,1176,710,817,0,0,0,817,457,1027,2047,506,1334,247,656,1529,0,0,1
2024-05-14,749,90,36,57,28,21,8,11,85,15,0,140,33,96,61,619,60,5,52,1319,1084,718,807,0,0,0,805,469,1020,2571,485,923,262,613,1517,0,0,0
2024-05-15,722,59,36,63,33,14,7,15,90,14,0,121,37,115,35,429,62,7,39,1156,1135,649,940,0,0,0,937,474,986,2358,472,773,239,651,1430,2,0,0
2024-05-16,839,74,33,54,22,19,5,10,102,16,0,159,47,131,46,629,66,8,46,1117,1006,678,860,0,0,0,860,456,966,2724,476,748,215,668,1584,0,0,1
2024-05-17,881,73,28,55,26,23,6,12,117,10,0,155,32,99,41,463,70,9,49,1088,1172,778,865,0,0,0,866,419,903,2298,500,741,184,645,1551,0,0,0
2024-05-18,800,61,21,45,17,9,11,8,85,23,0,152,28,59,37,263,60,3,39,1082,1068,609,718,0,0,0,719,407,776,1777,466,680,197,517,1349,1,0,0
2024-05-19,625,85,27,48,17,22,7,6,79,13,0,116,30,76,23,257,54,5,27,1025,923,644,692,0,0,0,691,320,775,1643,453,644,140,464,1295,0,0,2
2024-05-20,825,66,31,67,20,23,12,12,78,15,0,131,41,117,44,434,73,8,54,1817,1181,752,823,0,0,0,821,435,939,2445,510,1386,257,607,1450,1,0,3
2024-05-21,757,65,26,48,22,15,6,9,85,13,0,158,32,105,34,534,74,8,54,1501,1186,743,838,0,0,0,836,510,909,2700,600,983,250,591,1511,1,0,1
2024-05-22,758,73,40,49,28,20,7,14,90,18,51,150,45,96,47,417,74,5,44,1273,1034,673,834,0,0,0,833,449,877,2566,480,754,164,483,1329,1,0,1
